Vehicle ID,Vehicle Model,Vehicle Type,Region,Sales Date,Sales Quantity,Price per Vehicle,Revenue,Production Start Date,Production End Date,Production Quantity,Inventory Levels,Supplier,Cost per Vehicle,Market Share (%),Profit Margin (%),Customer Satisfaction Rating
V001,Tata Nexon EV,Electric SUV,North India,2023-10-17,164,1461826,239739464,2023-01-23,2023-09-17,468,304,Supplier E,877095,7,18,4.1
V002,Tata Tiago,Hatchback,North India,2025-01-24,206,686621,141443926,2023-12-27,2024-11-08,217,11,Supplier C,411972,6,16,4.4
V003,Tata Nano,Hatchback,South India,2024-01-23,444,200521,89031324,2023-02-17,2023-12-08,476,32,Supplier G,120312,25,15,4.1
V004,Tata Nexon EV,Electric SUV,West India,2024-10-03,199,1422438,283065162,2023-06-27,2024-07-28,268,69,Supplier D,853462,9,9,4.7
V005,Tata Harrier,SUV,South India,2024-04-29,95,1278573,121464435,2023-07-23,2024-04-07,217,122,Supplier A,767143,16,15,4.1
V006,Tata Harrier,SUV,North India,2025-03-06,96,1252888,120277248,2023-12-01,2024-12-18,361,265,Supplier H,751732,22,9,4.1
V007,Tata Punch,SUV,North India,2024-01-20,361,787489,284283529,2023-01-12,2023-10-26,488,127,Supplier D,472493,6,9,5.0
V008,Tata Nexon,SUV,North India,2025-01-10,436,765044,333559184,2023-10-31,2024-11-28,530,94,Supplier J,459026,10,11,4.7
V009,Tata Safari,SUV,West India,2024-06-18,227,1834293,416384511,2023-09-10,2024-04-14,479,252,Supplier C,1100575,19,12,4.7
V010,Tata Nexon EV,Electric SUV,North India,2024-04-11,260,1453385,377880100,2023-03-13,2024-02-17,474,214,Supplier G,872031,24,17,4.9
V011,Tata Safari,SUV,South India,2024-09-24,362,1813628,656533336,2023-11-01,2024-09-10,443,81,Supplier J,1088176,5,13,4.1
V012,Tata Nexon EV,Electric SUV,West India,2024-08-12,297,1394015,414022455,2023-06-18,2024-07-10,598,301,Supplier A,836409,25,8,4.9
V013,Tata Hexa,SUV,North India,2023-11-24,211,2015199,425206989,2023-03-01,2023-10-03,322,111,Supplier J,1209119,14,11,4.1
V014,Tata Nexon,SUV,West India,2024-03-18,232,826990,191861680,2023-02-25,2024-02-03,290,58,Supplier I,496194,14,12,4.7
V015,Tata Nexon,SUV,North India,2024-05-26,152,802418,121967536,2023-08-04,2024-03-31,173,21,Supplier D,481450,22,17,5.0
V016,Tata Tiago,Hatchback,North India,2024-06-02,78,678559,52927602,2023-03-10,2024-03-06,309,231,Supplier B,407135,21,14,4.1
V017,Tata Hexa,SUV,West India,2025-01-12,316,2134152,674392032,2023-11-09,2024-11-24,532,216,Supplier E,1280491,8,17,4.2
V018,Tata Altroz,Sedan,West India,2024-07-13,73,712387,52004251,2023-07-05,2024-04-10,174,101,Supplier E,427432,21,12,5.0
V019,Tata Punch,SUV,West India,2024-08-06,107,829547,88761529,2023-11-12,2024-07-02,133,26,Supplier A,497728,16,14,4.4
V020,Tata Safari,SUV,North India,2024-01-26,461,1919583,884927763,2023-04-29,2023-12-09,579,118,Supplier F,1151749,13,9,4.4
V021,Tata Hexa,SUV,South India,2023-12-14,418,2193907,917053126,2023-02-13,2023-09-13,546,128,Supplier H,1316344,23,20,4.9
V022,Tata Hexa,SUV,North India,2024-05-10,485,2028026,983592610,2023-04-02,2024-04-03,510,25,Supplier C,1216815,11,16,4.7
V023,Tata Tigor,Sedan,West India,2024-05-09,165,719672,118745880,2023-09-15,2024-05-04,277,112,Supplier C,431803,21,8,5.0
V024,Tata Tigor,Sedan,North India,2024-12-14,74,710872,52604528,2023-09-22,2024-09-06,264,190,Supplier B,426523,11,10,4.2
V025,Tata Harrier,SUV,South India,2024-09-10,138,1345166,185632908,2023-12-14,2024-09-03,346,208,Supplier E,807099,20,9,4.9
V026,Tata Nexon,SUV,West India,2024-11-23,226,879899,198857174,2023-11-18,2024-09-16,553,327,Supplier J,527939,25,13,4.4
V027,Tata Punch,SUV,West India,2024-01-12,91,778594,70852054,2023-03-20,2023-12-07,102,11,Supplier E,467156,10,16,5.0
V028,Tata Safari,SUV,North India,2024-11-12,123,1817854,223596042,2023-11-03,2024-08-07,129,6,Supplier H,1090712,13,20,4.4
V029,Tata Tiago,Hatchback,North India,2024-11-19,117,644846,75446982,2023-12-14,2024-09-04,214,97,Supplier G,386907,20,14,4.7
V030,Tata Nano,Hatchback,North India,2023-10-11,90,234690,21122100,2023-02-10,2023-09-30,111,21,Supplier J,140814,25,11,4.9
V031,Tata Nano,Hatchback,West India,2024-05-17,382,230715,88133130,2023-06-26,2024-05-11,421,39,Supplier H,138429,5,15,5.0
V032,Tata Tiago,Hatchback,North India,2024-06-03,168,634169,106540392,2023-08-04,2024-05-28,489,321,Supplier J,380501,17,12,4.1
V033,Tata Tigor,Sedan,North India,2024-07-10,96,729518,70033728,2023-06-14,2024-06-25,131,35,Supplier F,437710,24,15,4.1
V034,Tata Altroz,Sedan,West India,2024-10-01,60,716451,42987060,2023-08-21,2024-09-11,211,151,Supplier J,429870,13,13,4.4
V035,Tata Harrier,SUV,West India,2024-11-16,60,1297891,77873460,2023-12-09,2024-10-10,111,51,Supplier H,778734,25,14,4.1
V036,Tata Safari,SUV,South India,2024-05-22,311,1978462,615301682,2023-08-05,2024-04-15,405,94,Supplier A,1187077,24,13,4.7
V037,Tata Punch,SUV,West India,2024-12-27,349,833954,291049946,2023-11-09,2024-10-06,588,239,Supplier C,500372,21,8,4.2
V038,Tata Nexon,SUV,North India,2024-01-21,274,846903,232051422,2023-02-05,2023-10-18,440,166,Supplier A,508141,23,17,4.5
V039,Tata Nano,Hatchback,North India,2023-12-20,216,248705,53720280,2023-01-10,2023-09-19,453,237,Supplier C,149223,13,19,4.5
V040,Tata Tiago,Hatchback,North India,2024-08-31,196,646082,126632072,2023-09-13,2024-05-24,597,401,Supplier F,387649,22,10,4.1
V041,Tata Safari,SUV,West India,2024-04-19,104,1824292,189726368,2023-03-17,2024-02-18,248,144,Supplier H,1094575,17,18,4.7
V042,Tata Hexa,SUV,North India,2023-10-06,109,2090656,227881504,2023-01-05,2023-07-31,584,475,Supplier G,1254393,9,10,4.9
V043,Tata Altroz,Sedan,South India,2024-05-21,152,740896,112616192,2023-04-15,2024-03-30,230,78,Supplier C,444537,16,10,4.4
V044,Tata Nano,Hatchback,South India,2024-07-29,146,210606,30748476,2023-10-30,2024-06-26,326,180,Supplier I,126363,15,12,4.1
V045,Tata Harrier,SUV,North India,2024-06-07,55,1201947,66107085,2023-03-08,2024-02-28,139,84,Supplier C,721168,12,20,4.7
V046,Tata Nexon,SUV,West India,2024-05-06,201,840661,168972861,2023-02-21,2024-03-06,304,103,Supplier B,504396,16,14,4.7
V047,Tata Tigor,Sedan,North India,2024-01-24,93,703613,65436009,2023-05-02,2023-12-01,407,314,Supplier G,422167,15,14,4.7
V048,Tata Tiago,Hatchback,West India,2024-09-24,175,652338,114159150,2023-10-02,2024-08-20,393,218,Supplier G,391402,22,20,4.4
V049,Tata Punch,SUV,South India,2024-06-29,65,782651,50872315,2023-06-21,2024-05-31,151,86,Supplier F,469590,16,9,4.7
V050,Tata Nano,Hatchback,North India,2023-11-06,308,212240,65369920,2023-01-03,2023-08-05,510,202,Supplier C,127344,21,11,5.0
V051,Tata Harrier,SUV,North India,2024-09-07,104,1234743,128413272,2023-10-19,2024-07-19,397,293,Supplier E,740845,11,9,4.4
V052,Tata Hexa,SUV,North India,2023-12-01,247,2072265,511849455,2023-02-10,2023-11-15,440,193,Supplier F,1243359,18,8,4.5
V053,Tata Punch,SUV,North India,2024-03-20,118,752349,88777182,2023-03-17,2024-03-05,139,21,Supplier H,451409,5,19,4.9
V054,Tata Hexa,SUV,North India,2024-06-22,67,2017469,135170423,2023-04-12,2024-03-25,203,136,Supplier C,1210481,17,14,4.1
V055,Tata Nexon,SUV,South India,2023-10-09,245,829006,203106470,2023-01-11,2023-10-02,392,147,Supplier C,497403,12,18,4.2
V056,Tata Nexon,SUV,West India,2024-07-05,67,840713,56327771,2023-05-02,2024-05-17,350,283,Supplier H,504427,20,10,4.7
V057,Tata Punch,SUV,North India,2024-03-29,387,763989,295663743,2023-02-10,2024-01-01,420,33,Supplier J,458393,22,14,4.4
V058,Tata Altroz,Sedan,South India,2024-12-23,139,727723,101153497,2023-11-23,2024-10-24,257,118,Supplier D,436633,19,16,4.2
V059,Tata Nexon EV,Electric SUV,South India,2024-03-27,172,1395390,240007080,2023-03-14,2024-02-29,594,422,Supplier D,837234,16,19,4.9
V060,Tata Nexon,SUV,South India,2023-12-03,141,803624,113310984,2023-01-30,2023-11-22,257,116,Supplier J,482174,11,19,4.9
V061,Tata Nano,Hatchback,North India,2024-01-08,87,247746,21553902,2023-02-18,2024-01-02,157,70,Supplier J,148647,13,16,4.5
V062,Tata Nexon,SUV,South India,2024-07-23,373,875087,326407451,2023-11-04,2024-06-06,520,147,Supplier G,525052,7,9,4.2
V063,Tata Nexon,SUV,North India,2024-08-19,204,774922,158084088,2023-10-08,2024-05-23,209,5,Supplier G,464953,16,13,4.7
V064,Tata Tigor,Sedan,North India,2024-07-07,441,731811,322728651,2023-05-08,2024-04-20,580,139,Supplier F,439086,6,14,4.7
V065,Tata Tigor,Sedan,West India,2024-08-23,124,746270,92537480,2023-11-04,2024-06-22,347,223,Supplier H,447762,12,9,4.7
V066,Tata Nano,Hatchback,North India,2024-04-13,66,235686,15555276,2023-06-27,2024-02-04,120,54,Supplier I,141411,19,16,4.1
V067,Tata Harrier,SUV,West India,2023-12-02,254,1286570,326788780,2023-02-20,2023-10-07,546,292,Supplier H,771942,20,13,4.9
V068,Tata Altroz,Sedan,South India,2024-04-02,179,798450,142922550,2023-05-05,2024-01-01,307,128,Supplier H,479070,13,8,5.0
V069,Tata Nano,Hatchback,South India,2024-05-13,272,244969,66631568,2023-05-24,2024-03-11,574,302,Supplier H,146981,19,14,4.4
V070,Tata Nexon,SUV,South India,2024-07-25,263,768256,202051328,2023-10-26,2024-05-29,408,145,Supplier B,460953,11,11,4.4
V071,Tata Punch,SUV,South India,2024-10-15,55,821649,45190695,2023-06-14,2024-07-17,273,218,Supplier C,492989,5,11,4.7
V072,Tata Safari,SUV,South India,2024-06-28,155,1865247,289113285,2023-04-18,2024-04-04,284,129,Supplier J,1119148,16,12,4.1
V073,Tata Safari,SUV,West India,2024-08-19,56,1819003,101864168,2023-05-02,2024-05-17,302,246,Supplier E,1091401,10,18,4.7
V074,Tata Safari,SUV,North India,2024-02-23,131,1878551,246090181,2023-01-30,2023-11-18,145,14,Supplier C,1127130,20,18,4.4
V075,Tata Harrier,SUV,North India,2024-06-02,138,1287315,177649470,2023-07-10,2024-03-11,334,196,Supplier H,772389,24,11,4.9
V076,Tata Harrier,SUV,West India,2024-07-01,426,1304428,555686328,2023-08-25,2024-06-03,530,104,Supplier B,782656,18,16,4.7
V077,Tata Safari,SUV,South India,2024-09-15,133,1973794,262514602,2023-10-22,2024-07-07,399,266,Supplier F,1184276,19,18,4.7
V078,Tata Harrier,SUV,West India,2024-04-15,351,1274363,447301413,2023-03-30,2024-02-28,542,191,Supplier I,764617,5,9,4.4
V079,Tata Nano,Hatchback,North India,2024-05-08,113,200127,22614351,2023-07-18,2024-04-05,537,424,Supplier B,120076,14,18,4.5
V080,Tata Nexon EV,Electric SUV,South India,2024-03-27,142,1451805,206156310,2023-06-23,2024-03-13,295,153,Supplier C,871083,9,16,4.9
V081,Tata Punch,SUV,South India,2023-12-31,195,782598,152606610,2023-03-15,2023-11-19,239,44,Supplier I,469558,10,12,4.4
V082,Tata Altroz,Sedan,North India,2024-10-30,74,754425,55827450,2023-09-20,2024-08-26,254,180,Supplier B,452655,7,8,4.4
V083,Tata Punch,SUV,South India,2024-01-26,125,790015,98751875,2023-03-22,2023-11-23,576,451,Supplier C,474009,12,13,4.7
V084,Tata Nano,Hatchback,North India,2024-07-28,78,209912,16373136,2023-08-07,2024-05-13,115,37,Supplier E,125947,25,14,4.1
V085,Tata Hexa,SUV,West India,2024-10-20,241,2106824,507744584,2023-12-01,2024-08-17,578,337,Supplier J,1264094,23,16,4.7
V086,Tata Safari,SUV,West India,2024-01-07,178,1865859,332122902,2023-01-23,2023-12-11,400,222,Supplier J,1119515,5,20,4.1
V087,Tata Tiago,Hatchback,North India,2024-07-16,151,644924,97383524,2023-06-18,2024-07-05,309,158,Supplier D,386954,13,12,4.7
V088,Tata Hexa,SUV,South India,2024-03-18,97,2050443,198892971,2023-05-03,2023-12-18,269,172,Supplier G,1230265,13,13,4.7
V089,Tata Nano,Hatchback,South India,2024-05-18,261,211710,55256310,2023-08-15,2024-04-05,563,302,Supplier E,127026,22,10,4.7
V090,Tata Punch,SUV,West India,2024-02-26,129,838314,108142506,2023-01-20,2024-02-13,403,274,Supplier A,502988,10,9,5.0
V091,Tata Nexon EV,Electric SUV,North India,2024-03-21,145,1478357,214361765,2023-03-06,2024-02-12,520,375,Supplier B,887014,6,13,4.1
V092,Tata Tigor,Sedan,North India,2025-01-06,119,722677,85998563,2023-12-01,2024-10-06,460,341,Supplier I,433606,23,17,4.1
V093,Tata Harrier,SUV,South India,2024-04-02,387,1214601,470050587,2023-05-31,2023-12-26,447,60,Supplier H,728760,8,17,4.5
V094,Tata Nano,Hatchback,West India,2024-07-28,227,220504,50054408,2023-10-27,2024-05-20,452,225,Supplier H,132302,16,18,4.7
V095,Tata Nexon EV,Electric SUV,North India,2024-02-29,173,1377412,238292276,2023-02-23,2024-01-02,250,77,Supplier C,826447,18,20,4.1
V096,Tata Nexon,SUV,North India,2025-03-19,341,795972,271426452,2023-12-27,2025-01-09,553,212,Supplier B,477583,18,16,4.1
V097,Tata Safari,SUV,West India,2024-06-16,170,1908888,324510960,2023-05-21,2024-05-08,488,318,Supplier C,1145332,12,18,4.2
V098,Tata Tigor,Sedan,North India,2023-11-22,156,717239,111889284,2023-01-10,2023-09-03,591,435,Supplier H,430343,23,8,5.0
V099,Tata Nexon,SUV,North India,2024-12-08,144,798417,114972048,2023-11-28,2024-09-22,432,288,Supplier I,479050,7,18,4.7
V100,Tata Punch,SUV,North India,2024-10-20,173,813486,140733078,2023-09-09,2024-07-12,183,10,Supplier H,488091,5,14,4.4
V101,Tata Hexa,SUV,North India,2024-09-23,76,2008472,152643872,2023-07-19,2024-07-18,436,360,Supplier D,1205083,8,19,5.0
V102,Tata Nexon EV,Electric SUV,North India,2025-03-09,118,1361899,160704082,2023-12-17,2024-12-24,186,68,Supplier J,817139,18,9,4.5
V103,Tata Nano,Hatchback,North India,2024-08-16,366,205922,75367452,2023-04-30,2024-05-13,539,173,Supplier B,123553,21,20,4.1
V104,Tata Hexa,SUV,North India,2025-04-17,309,2086793,644819037,2023-12-21,2025-01-15,387,78,Supplier G,1252075,8,16,4.1
V105,Tata Hexa,SUV,South India,2024-09-01,128,2024003,259072384,2023-10-12,2024-07-27,172,44,Supplier F,1214401,11,8,4.7
V106,Tata Altroz,Sedan,North India,2024-08-01,102,744904,75980208,2023-07-30,2024-07-12,517,415,Supplier F,446942,23,8,4.1
V107,Tata Harrier,SUV,South India,2024-05-09,71,1365081,96920751,2023-03-21,2024-03-19,461,390,Supplier J,819048,13,9,4.5
V108,Tata Nexon EV,Electric SUV,South India,2024-07-19,89,1342577,119489353,2023-08-12,2024-05-12,234,145,Supplier J,805546,19,11,4.2
V109,Tata Tiago,Hatchback,North India,2024-02-01,315,601061,189334215,2023-01-20,2024-01-16,532,217,Supplier H,360636,12,16,5.0
V110,Tata Safari,SUV,West India,2024-05-11,292,1805576,527228192,2023-04-16,2024-03-21,535,243,Supplier F,1083345,8,13,4.4
V111,Tata Altroz,Sedan,South India,2024-03-12,74,723333,53526642,2023-03-15,2023-12-18,154,80,Supplier A,433999,15,8,4.4
V112,Tata Hexa,SUV,South India,2024-02-06,175,2054630,359560250,2023-05-07,2023-11-24,180,5,Supplier A,1232778,8,10,5.0
V113,Tata Altroz,Sedan,West India,2024-09-01,243,760533,184809519,2023-10-29,2024-08-07,358,115,Supplier F,456319,21,11,4.5
V114,Tata Tiago,Hatchback,South India,2024-12-07,135,642465,86732775,2023-10-27,2024-09-18,231,96,Supplier F,385479,10,13,4.4
V115,Tata Harrier,SUV,North India,2024-12-31,50,1216925,60846250,2023-11-11,2024-11-10,143,93,Supplier J,730155,23,17,4.1
V116,Tata Nano,Hatchback,North India,2024-05-08,209,206863,43234367,2023-08-27,2024-04-07,545,336,Supplier J,124117,7,18,4.4
V117,Tata Nano,Hatchback,South India,2024-04-21,156,238268,37169808,2023-02-18,2024-03-14,183,27,Supplier E,142960,13,8,4.7
V118,Tata Nano,Hatchback,South India,2025-02-16,115,222358,25571170,2023-12-23,2024-12-21,485,370,Supplier F,133414,10,16,4.2
V119,Tata Nexon EV,Electric SUV,South India,2024-10-30,306,1325577,405626562,2023-09-22,2024-10-18,323,17,Supplier G,795346,14,20,4.5
V120,Tata Harrier,SUV,West India,2024-09-03,356,1275536,454090816,2023-09-19,2024-08-21,431,75,Supplier H,765321,21,18,5.0
V121,Tata Safari,SUV,North India,2024-06-02,159,1923721,305871639,2023-07-13,2024-04-15,181,22,Supplier A,1154232,7,16,4.1
V122,Tata Altroz,Sedan,North India,2024-04-27,231,733090,169343790,2023-07-27,2024-02-17,384,153,Supplier D,439854,5,12,4.7
V123,Tata Punch,SUV,South India,2023-12-11,90,818753,73687770,2023-01-21,2023-10-01,439,349,Supplier D,491251,9,18,4.1
V124,Tata Harrier,SUV,North India,2024-10-16,289,1258021,363568069,2023-11-12,2024-09-16,555,266,Supplier G,754812,9,11,4.5
V125,Tata Harrier,SUV,North India,2024-08-05,95,1259514,119653830,2023-07-03,2024-07-16,135,40,Supplier G,755708,6,15,4.4
V126,Tata Tigor,Sedan,West India,2024-02-20,70,734695,51428650,2023-04-24,2023-12-11,524,454,Supplier I,440817,19,9,4.1
V127,Tata Harrier,SUV,North India,2024-03-25,53,1246245,66050985,2023-02-13,2023-12-18,236,183,Supplier C,747747,24,9,4.7
V128,Tata Punch,SUV,West India,2025-02-17,178,815704,145195312,2023-12-25,2024-11-09,188,10,Supplier H,489422,7,20,4.5
V129,Tata Safari,SUV,North India,2024-04-23,90,1961844,176565960,2023-06-22,2024-03-23,184,94,Supplier D,1177106,8,12,4.4
V130,Tata Altroz,Sedan,West India,2023-12-05,151,731613,110473563,2023-02-23,2023-11-24,169,18,Supplier G,438967,21,19,4.5
V131,Tata Hexa,SUV,North India,2024-03-15,72,2059930,148314960,2023-07-23,2024-03-06,105,33,Supplier F,1235958,7,9,5.0
V132,Tata Nexon,SUV,South India,2024-06-19,60,853609,51216540,2023-04-20,2024-04-21,254,194,Supplier E,512165,25,17,4.4
V133,Tata Nexon EV,Electric SUV,North India,2024-12-19,410,1419226,581882660,2023-11-10,2024-11-23,487,77,Supplier I,851535,16,15,4.2
V134,Tata Nexon,SUV,North India,2024-09-09,361,800943,289140423,2023-10-01,2024-08-23,443,82,Supplier B,480565,12,15,4.7
V135,Tata Altroz,Sedan,South India,2024-04-28,314,758690,238228660,2023-08-31,2024-04-13,373,59,Supplier F,455214,6,10,4.7
V136,Tata Nexon EV,Electric SUV,North India,2024-09-11,151,1350324,203898924,2023-11-09,2024-07-04,257,106,Supplier J,810194,23,18,4.4
V137,Tata Tiago,Hatchback,South India,2024-10-05,81,698377,56568537,2023-12-31,2024-09-22,125,44,Supplier J,419026,7,15,4.1
V138,Tata Hexa,SUV,South India,2024-02-02,92,2114502,194534184,2023-02-03,2023-11-03,288,196,Supplier G,1268701,19,14,4.2
V139,Tata Harrier,SUV,North India,2024-04-26,200,1333128,266625600,2023-01-28,2024-02-16,491,291,Supplier F,799876,6,8,4.1
V140,Tata Punch,SUV,South India,2024-12-25,122,822829,100385138,2023-11-13,2024-12-04,147,25,Supplier E,493697,20,15,4.2
V141,Tata Altroz,Sedan,West India,2024-08-29,252,719532,181322064,2023-08-29,2024-08-18,468,216,Supplier F,431719,11,8,4.4
V142,Tata Hexa,SUV,West India,2024-04-11,271,2154473,583862183,2023-03-25,2024-01-06,406,135,Supplier E,1292683,18,18,5.0
V143,Tata Harrier,SUV,North India,2024-05-09,152,1397344,212396288,2023-03-06,2024-03-10,203,51,Supplier I,838406,9,10,4.1
V144,Tata Tiago,Hatchback,South India,2024-01-20,110,611482,67263020,2023-02-13,2023-10-31,122,12,Supplier J,366889,6,15,4.1
V145,Tata Harrier,SUV,West India,2024-10-22,106,1249477,132444562,2023-12-09,2024-08-04,191,85,Supplier B,749686,15,11,4.2
V146,Tata Safari,SUV,West India,2024-03-21,111,1841227,204376197,2023-03-22,2024-02-21,593,482,Supplier F,1104736,16,12,4.5
V147,Tata Nexon,SUV,North India,2024-08-08,355,824089,292551595,2023-10-30,2024-06-14,519,164,Supplier A,494453,21,11,4.9
V148,Tata Nano,Hatchback,South India,2023-11-16,128,223191,28568448,2023-02-16,2023-11-10,533,405,Supplier G,133914,22,13,4.1
V149,Tata Harrier,SUV,North India,2024-02-18,110,1207001,132770110,2023-03-04,2023-11-29,235,125,Supplier H,724200,16,13,4.7
V150,Tata Punch,SUV,West India,2024-04-11,121,773390,93580190,2023-02-09,2024-02-29,134,13,Supplier E,464034,8,16,4.2
V151,Tata Tigor,Sedan,North India,2025-03-05,221,710864,157100944,2023-12-22,2025-01-12,308,87,Supplier G,426518,16,9,4.4
V152,Tata Altroz,Sedan,North India,2024-03-21,246,702835,172897410,2023-04-03,2024-01-29,306,60,Supplier C,421701,20,13,4.9
V153,Tata Hexa,SUV,North India,2023-12-16,260,2043834,531396840,2023-03-03,2023-12-07,535,275,Supplier A,1226300,25,18,4.1
V154,Tata Tiago,Hatchback,North India,2024-03-04,75,671203,50340225,2023-05-04,2023-12-05,162,87,Supplier E,402721,24,11,4.5
V155,Tata Altroz,Sedan,North India,2024-10-30,107,712892,76279444,2023-07-19,2024-08-10,142,35,Supplier D,427735,21,19,5.0
V156,Tata Nexon,SUV,South India,2024-06-30,240,800992,192238080,2023-05-15,2024-06-13,570,330,Supplier I,480595,18,14,4.5
V157,Tata Punch,SUV,South India,2024-05-31,117,821700,96138900,2023-10-11,2024-05-04,194,77,Supplier G,493020,9,13,4.1
V158,Tata Nano,Hatchback,North India,2024-10-22,322,204634,65892148,2023-11-18,2024-07-18,377,55,Supplier I,122780,10,17,4.7
V159,Tata Hexa,SUV,West India,2024-02-29,241,2189360,527635760,2023-07-14,2024-02-24,404,163,Supplier J,1313616,5,12,4.1
V160,Tata Hexa,SUV,West India,2024-07-18,99,2195600,217364400,2023-11-18,2024-07-13,159,60,Supplier J,1317360,18,10,4.7
V161,Tata Nano,Hatchback,North India,2024-07-27,227,245932,55826564,2023-09-18,2024-04-25,410,183,Supplier B,147559,20,8,5.0
V162,Tata Nexon EV,Electric SUV,North India,2024-11-11,148,1374748,203462704,2023-12-29,2024-09-18,294,146,Supplier E,824848,18,11,4.9
V163,Tata Punch,SUV,North India,2023-11-05,77,826085,63608545,2023-01-21,2023-09-02,365,288,Supplier F,495651,13,13,4.2
V164,Tata Safari,SUV,West India,2024-04-08,191,1873478,357834298,2023-01-29,2024-01-10,328,137,Supplier B,1124086,17,19,4.9
V165,Tata Hexa,SUV,North India,2024-05-27,156,2177283,339656148,2023-07-31,2024-03-05,410,254,Supplier G,1306369,22,20,4.7
V166,Tata Nexon,SUV,West India,2025-02-01,181,816540,147793740,2023-10-02,2024-10-25,317,136,Supplier A,489924,5,17,4.4
V167,Tata Tiago,Hatchback,West India,2024-03-20,287,611299,175442813,2023-06-29,2024-02-09,339,52,Supplier I,366779,8,18,4.7
V168,Tata Tigor,Sedan,North India,2024-08-13,273,749610,204643530,2023-09-07,2024-07-01,295,22,Supplier F,449766,10,9,4.7
V169,Tata Safari,SUV,South India,2023-12-14,52,1874624,97480448,2023-01-08,2023-11-10,276,224,Supplier C,1124774,5,8,4.1
V170,Tata Punch,SUV,South India,2024-09-05,329,801040,263542160,2023-12-26,2024-07-20,395,66,Supplier E,480624,7,14,4.7
V171,Tata Hexa,SUV,West India,2024-08-25,117,2136282,249944994,2023-06-26,2024-06-13,594,477,Supplier A,1281769,7,14,4.4
V172,Tata Harrier,SUV,West India,2024-05-30,177,1218755,215719635,2023-10-14,2024-05-02,378,201,Supplier B,731253,9,14,4.9
V173,Tata Tiago,Hatchback,South India,2024-10-31,230,689425,158567750,2023-10-03,2024-08-17,499,269,Supplier H,413655,17,11,4.7
V174,Tata Hexa,SUV,West India,2024-11-26,134,2100121,281416214,2023-11-14,2024-09-23,392,258,Supplier C,1260072,25,15,4.5
V175,Tata Harrier,SUV,North India,2024-05-02,81,1241141,100532421,2023-09-22,2024-04-19,147,66,Supplier H,744684,18,17,4.9
V176,Tata Nexon,SUV,West India,2024-08-30,420,784115,329328300,2023-07-29,2024-07-21,594,174,Supplier F,470469,6,8,4.9
V177,Tata Safari,SUV,South India,2024-04-12,339,1941319,658107141,2023-04-04,2024-01-11,482,143,Supplier D,1164791,18,17,4.1
V178,Tata Altroz,Sedan,South India,2024-08-15,56,787803,44116968,2023-09-30,2024-06-03,459,403,Supplier H,472681,15,20,4.7
V179,Tata Nano,Hatchback,West India,2024-05-23,62,230741,14305942,2023-07-08,2024-05-14,239,177,Supplier E,138444,8,16,4.7
V180,Tata Tigor,Sedan,South India,2024-06-14,164,735603,120638892,2023-09-20,2024-04-22,405,241,Supplier A,441361,19,14,4.4
V181,Tata Nexon EV,Electric SUV,North India,2025-02-20,171,1328079,227101509,2023-12-01,2024-11-20,187,16,Supplier H,796847,14,18,4.4
V182,Tata Hexa,SUV,South India,2024-06-06,302,2163636,653418072,2023-09-05,2024-04-30,435,133,Supplier A,1298181,15,9,4.2
V183,Tata Nexon EV,Electric SUV,North India,2024-06-02,67,1330068,89114556,2023-10-16,2024-05-21,555,488,Supplier G,798040,24,13,4.9
V184,Tata Nano,Hatchback,South India,2024-08-22,81,227828,18454068,2023-07-29,2024-06-14,371,290,Supplier J,136696,17,15,4.1
V185,Tata Altroz,Sedan,South India,2024-04-28,350,737195,258018250,2023-07-17,2024-03-01,586,236,Supplier H,442317,12,13,4.4
V186,Tata Tigor,Sedan,West India,2024-04-06,68,729445,49602260,2023-06-22,2024-02-05,111,43,Supplier J,437667,16,11,4.1
V187,Tata Nexon EV,Electric SUV,West India,2024-03-11,98,1486247,145652206,2023-04-25,2023-12-24,521,423,Supplier B,891748,14,9,4.7
V188,Tata Nano,Hatchback,North India,2024-03-06,175,207435,36301125,2023-01-17,2023-12-04,445,270,Supplier A,124461,22,13,4.7
V189,Tata Nexon,SUV,South India,2024-04-11,153,768747,117618291,2023-04-13,2024-01-03,494,341,Supplier F,461248,21,10,4.9
V190,Tata Hexa,SUV,West India,2024-05-02,80,2087592,167007360,2023-07-01,2024-03-06,334,254,Supplier A,1252555,14,13,4.7
V191,Tata Safari,SUV,West India,2024-09-07,462,1816744,839335728,2023-10-25,2024-06-08,585,123,Supplier H,1090046,5,11,4.5
V192,Tata Hexa,SUV,South India,2024-06-17,120,2049729,245967480,2023-10-10,2024-05-06,156,36,Supplier I,1229837,12,10,4.1
V193,Tata Altroz,Sedan,West India,2024-03-31,156,747737,116646972,2023-06-15,2024-01-13,211,55,Supplier E,448642,18,12,4.2
V194,Tata Nexon EV,Electric SUV,South India,2023-11-15,492,1366111,672126612,2023-03-06,2023-11-04,597,105,Supplier D,819666,6,19,4.5
V195,Tata Nexon EV,Electric SUV,North India,2024-10-20,374,1309003,489567122,2023-11-28,2024-07-29,553,179,Supplier G,785401,25,16,4.7
V196,Tata Hexa,SUV,West India,2023-12-02,94,2060842,193719148,2023-01-24,2023-11-17,403,309,Supplier B,1236505,12,12,4.9
V197,Tata Hexa,SUV,North India,2024-08-19,197,2010848,396137056,2023-10-10,2024-06-25,537,340,Supplier B,1206508,20,16,4.4
V198,Tata Tigor,Sedan,South India,2024-08-21,203,700474,142196222,2023-06-19,2024-07-13,474,271,Supplier H,420284,9,14,4.7
V199,Tata Harrier,SUV,West India,2023-12-19,143,1335534,190981362,2023-04-30,2023-12-14,298,155,Supplier F,801320,23,14,4.1
V200,Tata Altroz,Sedan,West India,2024-12-12,367,715797,262697499,2023-11-14,2024-12-04,502,135,Supplier C,429478,8,9,4.2
V201,Tata Safari,SUV,West India,2024-05-24,198,1969204,389902392,2023-08-12,2024-04-02,554,356,Supplier B,1181522,5,20,4.4
V202,Tata Safari,SUV,North India,2024-04-05,314,1880744,590553616,2023-01-27,2024-02-16,315,1,Supplier A,1128446,22,11,4.2
V203,Tata Nexon EV,Electric SUV,North India,2024-05-25,135,1370580,185028300,2023-07-24,2024-03-20,217,82,Supplier C,822348,15,15,4.9
V204,Tata Hexa,SUV,South India,2024-07-16,232,2014219,467298808,2023-05-08,2024-05-13,418,186,Supplier E,1208531,15,11,5.0
V205,Tata Tigor,Sedan,North India,2024-09-11,221,735621,162572241,2023-11-11,2024-07-12,353,132,Supplier I,441372,11,8,4.5
V206,Tata Nano,Hatchback,West India,2023-11-03,151,209728,31668928,2023-04-05,2023-10-28,447,296,Supplier B,125836,14,12,4.4
V207,Tata Punch,SUV,South India,2024-04-10,338,840521,284096098,2023-03-09,2024-03-22,397,59,Supplier A,504312,24,16,4.2
V208,Tata Tigor,Sedan,West India,2024-02-17,103,719395,74097685,2023-07-04,2024-02-08,165,62,Supplier A,431637,25,17,4.4
V209,Tata Nano,Hatchback,South India,2024-07-18,376,242854,91313104,2023-06-21,2024-06-16,471,95,Supplier D,145712,24,14,4.4
V210,Tata Nano,Hatchback,North India,2024-07-22,136,206210,28044560,2023-11-04,2024-07-14,316,180,Supplier B,123726,21,12,4.2
V211,Tata Safari,SUV,West India,2024-08-02,382,1959944,748698608,2023-09-01,2024-05-15,418,36,Supplier H,1175966,16,17,4.7
V212,Tata Altroz,Sedan,North India,2024-10-12,79,706816,55838464,2023-11-21,2024-09-16,276,197,Supplier F,424089,8,16,4.4
V213,Tata Tiago,Hatchback,North India,2024-09-04,252,661441,166683132,2023-05-28,2024-07-01,485,233,Supplier I,396864,16,17,4.1
V214,Tata Altroz,Sedan,West India,2024-01-23,125,782037,97754625,2023-05-17,2023-12-03,207,82,Supplier H,469222,7,10,4.7
V215,Tata Tiago,Hatchback,South India,2024-11-26,143,655887,93791841,2023-10-12,2024-10-06,179,36,Supplier E,393532,19,19,4.7
V216,Tata Nexon,SUV,West India,2024-05-20,221,796877,176109817,2023-10-02,2024-05-03,355,134,Supplier F,478126,23,9,4.7
V217,Tata Tiago,Hatchback,West India,2024-12-02,278,686177,190757206,2023-12-13,2024-10-09,312,34,Supplier E,411706,13,9,4.2
V218,Tata Nano,Hatchback,South India,2024-02-12,149,233110,34733390,2023-02-09,2023-11-11,367,218,Supplier B,139866,16,12,4.4
V219,Tata Altroz,Sedan,South India,2024-06-20,232,778601,180635432,2023-04-16,2024-03-15,255,23,Supplier D,467160,23,8,4.7
V220,Tata Nexon,SUV,North India,2024-05-30,203,891368,180947704,2023-08-16,2024-04-12,279,76,Supplier B,534820,23,15,4.7
V221,Tata Hexa,SUV,North India,2024-04-02,150,2183511,327526650,2023-01-05,2024-01-14,352,202,Supplier A,1310106,6,16,4.2
V222,Tata Harrier,SUV,North India,2023-12-26,87,1306025,113624175,2023-05-10,2023-12-09,286,199,Supplier H,783615,6,12,4.2
V223,Tata Nexon EV,Electric SUV,North India,2025-04-08,80,1382216,110577280,2024-01-01,2025-01-13,112,32,Supplier A,829329,21,17,4.7
V224,Tata Nexon,SUV,North India,2024-02-10,234,865305,202481370,2023-03-17,2024-01-28,259,25,Supplier D,519183,7,19,4.4
V225,Tata Nexon EV,Electric SUV,West India,2024-03-26,329,1302742,428602118,2023-06-09,2024-03-11,569,240,Supplier F,781645,16,8,4.1
V226,Tata Nexon EV,Electric SUV,South India,2024-08-25,137,1316316,180335292,2023-09-01,2024-05-23,531,394,Supplier H,789789,19,11,4.1
V227,Tata Tigor,Sedan,South India,2024-04-25,99,732669,72534231,2023-06-19,2024-04-17,244,145,Supplier B,439601,11,17,4.2
V228,Tata Safari,SUV,North India,2024-11-08,408,1827487,745614696,2023-12-12,2024-11-01,527,119,Supplier A,1096492,8,19,4.1
V229,Tata Tiago,Hatchback,South India,2024-06-23,395,669383,264406285,2023-07-02,2024-04-25,435,40,Supplier H,401629,23,9,4.5
V230,Tata Tigor,Sedan,West India,2024-08-31,282,735584,207434688,2023-08-07,2024-07-13,382,100,Supplier B,441350,16,8,4.9
V231,Tata Tiago,Hatchback,North India,2023-12-29,161,616798,99304478,2023-01-11,2023-11-24,239,78,Supplier C,370078,20,10,4.1
V232,Tata Nexon,SUV,South India,2024-12-18,269,875906,235618714,2023-10-07,2024-10-30,274,5,Supplier H,525543,25,8,4.9
V233,Tata Hexa,SUV,West India,2024-10-29,138,2191259,302393742,2023-10-22,2024-10-13,350,212,Supplier I,1314755,10,16,4.7
V234,Tata Tigor,Sedan,South India,2023-10-20,313,740569,231798097,2023-03-13,2023-10-01,410,97,Supplier F,444341,9,20,4.4
V235,Tata Safari,SUV,South India,2024-10-05,305,1981483,604352315,2023-12-21,2024-09-01,596,291,Supplier C,1188889,8,14,4.7
V236,Tata Tiago,Hatchback,North India,2024-08-12,100,658349,65834900,2023-10-12,2024-06-09,102,2,Supplier A,395009,22,15,4.4
V237,Tata Safari,SUV,West India,2024-07-31,173,1850746,320179058,2023-06-24,2024-07-11,230,57,Supplier H,1110447,12,20,4.9
V238,Tata Nexon EV,Electric SUV,South India,2024-04-24,173,1459463,252487099,2023-04-14,2024-02-28,375,202,Supplier B,875677,23,17,4.4
V239,Tata Nano,Hatchback,West India,2024-09-21,62,228106,14142572,2023-10-08,2024-06-30,101,39,Supplier D,136863,14,20,4.9
V240,Tata Altroz,Sedan,West India,2024-09-07,485,719722,349065170,2023-05-21,2024-06-09,502,17,Supplier D,431833,21,19,4.7
V241,Tata Tigor,Sedan,North India,2024-08-30,388,700904,271950752,2023-07-13,2024-07-29,584,196,Supplier H,420542,11,18,4.1
V242,Tata Nexon,SUV,West India,2025-02-26,86,795751,68434586,2023-11-18,2024-11-26,458,372,Supplier B,477450,9,16,4.9
V243,Tata Safari,SUV,North India,2024-09-27,284,1805975,512896900,2023-08-26,2024-09-11,533,249,Supplier B,1083585,12,9,4.5
V244,Tata Nexon EV,Electric SUV,South India,2024-05-19,171,1323496,226317816,2023-05-01,2024-03-12,552,381,Supplier H,794097,9,12,4.7
V245,Tata Safari,SUV,North India,2024-06-11,361,1916538,691870218,2023-07-14,2024-03-29,455,94,Supplier J,1149922,15,17,4.7
V246,Tata Punch,SUV,South India,2024-08-26,151,763632,115308432,2023-06-06,2024-06-24,525,374,Supplier D,458179,25,15,4.2
V247,Tata Tiago,Hatchback,North India,2025-02-02,144,695050,100087200,2023-10-09,2024-11-07,471,327,Supplier I,417030,10,8,4.2
V248,Tata Nexon,SUV,South India,2024-05-14,63,847381,53385003,2023-03-23,2024-03-12,186,123,Supplier E,508428,7,18,4.4
V249,Tata Altroz,Sedan,South India,2024-10-12,194,721390,139949660,2023-09-04,2024-09-12,551,357,Supplier I,432834,9,11,4.2
V250,Tata Hexa,SUV,West India,2024-12-10,373,2150195,802022735,2023-08-28,2024-09-19,373,0,Supplier A,1290117,8,9,4.1
V251,Tata Safari,SUV,West India,2024-11-02,221,1937028,428083188,2023-10-03,2024-08-24,594,373,Supplier D,1162216,24,14,4.1
V252,Tata Tigor,Sedan,North India,2025-01-29,443,721336,319551848,2023-11-03,2024-11-17,463,20,Supplier E,432801,19,8,5.0
V253,Tata Nexon EV,Electric SUV,South India,2024-07-10,98,1461647,143241406,2023-07-12,2024-05-24,358,260,Supplier J,876988,25,14,4.1
V254,Tata Nexon EV,Electric SUV,South India,2024-05-09,493,1425751,702895243,2023-03-22,2024-03-18,531,38,Supplier B,855450,20,15,4.7
V255,Tata Tiago,Hatchback,West India,2024-06-26,254,672488,170811952,2023-03-20,2024-04-05,490,236,Supplier E,403492,17,13,4.2
V256,Tata Altroz,Sedan,North India,2025-02-14,144,706227,101696688,2023-12-18,2025-01-08,172,28,Supplier H,423736,11,12,4.4
V257,Tata Nexon EV,Electric SUV,South India,2024-05-19,473,1320649,624666977,2023-06-02,2024-04-02,491,18,Supplier D,792389,6,11,4.7
V258,Tata Safari,SUV,South India,2024-11-04,136,1992386,270964496,2023-09-28,2024-09-22,233,97,Supplier H,1195431,13,14,4.1
V259,Tata Nexon EV,Electric SUV,West India,2024-05-21,161,1439849,231815689,2023-06-21,2024-02-22,497,336,Supplier C,863909,21,12,4.7
V260,Tata Nexon,SUV,West India,2024-06-01,211,891614,188130554,2023-04-03,2024-03-20,475,264,Supplier H,534968,15,8,4.2
V261,Tata Punch,SUV,West India,2024-05-24,377,816549,307838973,2023-06-12,2024-04-29,385,8,Supplier I,489929,7,12,5.0
V262,Tata Hexa,SUV,North India,2024-12-21,171,2123777,363165867,2023-12-19,2024-11-14,410,239,Supplier E,1274266,14,17,4.7
V263,Tata Nexon EV,Electric SUV,North India,2025-02-13,211,1421898,300020478,2023-10-27,2024-11-06,573,362,Supplier G,853138,8,19,4.1
V264,Tata Tiago,Hatchback,North India,2024-10-02,99,628533,62224767,2023-08-28,2024-06-30,109,10,Supplier E,377119,18,16,4.1
V265,Tata Harrier,SUV,North India,2024-06-20,332,1366082,453539224,2023-08-16,2024-03-22,345,13,Supplier A,819649,7,17,4.5
V266,Tata Nexon,SUV,North India,2024-11-10,444,838948,372492912,2023-10-16,2024-08-08,511,67,Supplier G,503368,7,11,4.5
V267,Tata Harrier,SUV,South India,2024-02-20,57,1353630,77156910,2023-05-14,2023-12-27,174,117,Supplier C,812178,14,15,4.7
V268,Tata Hexa,SUV,West India,2024-10-18,487,2119527,1032209649,2023-11-30,2024-08-03,509,22,Supplier J,1271716,16,16,4.7
V269,Tata Punch,SUV,South India,2024-07-31,85,797590,67795150,2023-06-15,2024-05-21,396,311,Supplier I,478554,9,13,4.7
V270,Tata Punch,SUV,North India,2024-07-02,69,765986,52853034,2023-11-13,2024-05-31,297,228,Supplier D,459591,18,19,4.9
V271,Tata Nexon EV,Electric SUV,South India,2024-12-07,131,1491842,195431302,2023-09-28,2024-10-04,171,40,Supplier B,895105,9,16,4.1
V272,Tata Nexon EV,Electric SUV,North India,2024-05-31,214,1478070,316306980,2023-08-17,2024-04-13,504,290,Supplier H,886842,24,11,4.4
V273,Tata Nexon EV,Electric SUV,North India,2024-02-21,64,1384215,88589760,2023-03-08,2023-12-06,122,58,Supplier B,830529,22,8,4.7
V274,Tata Nexon EV,Electric SUV,South India,2024-04-01,152,1370109,208256568,2023-01-23,2024-02-08,555,403,Supplier A,822065,21,15,4.7
V275,Tata Nexon EV,Electric SUV,North India,2024-12-17,164,1435444,235412816,2023-11-17,2024-12-09,174,10,Supplier B,861266,17,9,4.5
V276,Tata Tiago,Hatchback,South India,2024-03-10,96,611294,58684224,2023-04-14,2023-12-01,200,104,Supplier C,366776,16,14,4.7
V277,Tata Altroz,Sedan,South India,2024-11-05,236,747040,176301440,2023-10-13,2024-09-11,289,53,Supplier I,448224,10,20,5.0
V278,Tata Tiago,Hatchback,South India,2024-03-26,90,660536,59448240,2023-03-03,2024-01-05,121,31,Supplier G,396321,17,10,4.2
V279,Tata Tigor,Sedan,South India,2023-12-05,64,745031,47681984,2023-03-12,2023-11-09,139,75,Supplier I,447018,7,13,4.2
V280,Tata Punch,SUV,West India,2024-08-30,220,753288,165723360,2023-05-24,2024-06-27,247,27,Supplier A,451972,24,19,4.1
V281,Tata Hexa,SUV,West India,2024-05-06,176,2100303,369653328,2023-01-09,2024-01-31,259,83,Supplier G,1260181,5,20,4.7
V282,Tata Nano,Hatchback,North India,2024-01-29,394,237700,93653800,2023-02-24,2023-12-10,553,159,Supplier G,142620,6,8,4.2
V283,Tata Nexon EV,Electric SUV,West India,2024-12-28,91,1484869,135123079,2023-10-08,2024-09-24,102,11,Supplier C,890921,19,12,4.5
V284,Tata Hexa,SUV,North India,2024-06-09,127,2188506,277940262,2023-10-22,2024-05-14,169,42,Supplier H,1313103,17,15,4.9
V285,Tata Altroz,Sedan,West India,2024-05-14,93,772134,71808462,2023-09-11,2024-04-30,504,411,Supplier I,463280,12,20,4.1
V286,Tata Tiago,Hatchback,West India,2024-09-30,197,651820,128408540,2023-09-07,2024-09-14,233,36,Supplier C,391092,9,13,4.1
V287,Tata Harrier,SUV,South India,2024-07-02,78,1381926,107790228,2023-05-13,2024-04-22,387,309,Supplier I,829155,5,16,4.1
V288,Tata Nano,Hatchback,West India,2024-10-10,185,210596,38960260,2023-12-21,2024-08-27,338,153,Supplier A,126357,6,14,4.5
V289,Tata Nexon EV,Electric SUV,West India,2024-08-18,375,1497158,561434250,2023-05-14,2024-05-29,419,44,Supplier G,898294,15,8,4.1
V290,Tata Punch,SUV,North India,2025-02-05,176,845671,148838096,2023-10-30,2024-11-15,196,20,Supplier B,507402,12,10,5.0
V291,Tata Harrier,SUV,West India,2024-02-26,107,1270926,135989082,2023-01-16,2023-12-24,156,49,Supplier A,762555,14,13,4.7
V292,Tata Punch,SUV,North India,2024-09-09,96,764913,73431648,2023-07-25,2024-07-21,348,252,Supplier D,458947,20,8,4.9
V293,Tata Safari,SUV,West India,2024-04-23,317,1908451,604978967,2023-02-27,2024-02-27,498,181,Supplier C,1145070,12,15,4.1
V294,Tata Punch,SUV,North India,2024-07-11,340,831962,282867080,2023-09-29,2024-05-27,572,232,Supplier I,499177,7,13,4.1
V295,Tata Tiago,Hatchback,North India,2024-08-25,220,643993,141678460,2023-08-06,2024-07-31,231,11,Supplier A,386395,13,13,4.4
V296,Tata Punch,SUV,North India,2024-06-27,182,790841,143933062,2023-09-04,2024-05-30,549,367,Supplier B,474504,18,20,5.0
V297,Tata Hexa,SUV,West India,2024-01-18,78,2009725,156758550,2023-01-28,2024-01-02,259,181,Supplier G,1205835,6,16,4.7
V298,Tata Safari,SUV,West India,2024-11-12,319,1873644,597692436,2023-09-11,2024-09-05,353,34,Supplier E,1124186,5,12,4.2
V299,Tata Punch,SUV,West India,2023-10-12,92,834673,76789916,2023-01-26,2023-09-09,323,231,Supplier J,500803,24,10,4.7
V300,Tata Punch,SUV,West India,2023-12-24,279,777694,216976626,2023-01-09,2023-10-08,333,54,Supplier D,466616,8,19,4.7
V301,Tata Tiago,Hatchback,South India,2024-06-19,241,652045,157142845,2023-08-23,2024-05-22,259,18,Supplier G,391227,20,12,5.0
V302,Tata Altroz,Sedan,South India,2024-09-06,205,739738,151646290,2023-08-19,2024-06-28,257,52,Supplier B,443842,19,11,4.7
V303,Tata Harrier,SUV,West India,2024-11-03,95,1241998,117989810,2023-09-19,2024-09-01,211,116,Supplier J,745198,7,18,5.0
V304,Tata Tigor,Sedan,North India,2024-07-27,413,738663,305067819,2023-06-16,2024-05-05,431,18,Supplier A,443197,13,9,4.5
V305,Tata Harrier,SUV,West India,2025-01-24,126,1224193,154248318,2023-12-29,2024-11-06,174,48,Supplier A,734515,6,11,4.4
V306,Tata Nexon EV,Electric SUV,South India,2024-03-07,173,1324661,229166353,2023-03-15,2023-12-06,187,14,Supplier J,794796,7,10,4.7
V307,Tata Hexa,SUV,South India,2024-07-04,106,2084895,220998870,2023-08-25,2024-04-23,223,117,Supplier F,1250937,5,20,4.1
V308,Tata Tigor,Sedan,West India,2024-10-23,450,741953,333878850,2023-10-10,2024-07-19,524,74,Supplier I,445171,20,11,5.0
V309,Tata Harrier,SUV,South India,2024-09-05,213,1263574,269141262,2023-09-11,2024-07-06,532,319,Supplier G,758144,21,14,4.1
V310,Tata Nexon EV,Electric SUV,North India,2024-04-29,176,1495852,263269952,2023-03-07,2024-02-02,200,24,Supplier E,897511,6,14,4.2
V311,Tata Tigor,Sedan,North India,2024-02-29,223,721218,160831614,2023-01-16,2023-12-20,423,200,Supplier E,432730,18,17,4.1
V312,Tata Nexon,SUV,North India,2024-03-18,134,799559,107140906,2023-07-18,2024-03-10,149,15,Supplier B,479735,23,15,4.9
V313,Tata Tiago,Hatchback,North India,2024-03-19,378,641724,242571672,2023-05-30,2024-03-06,381,3,Supplier G,385034,24,11,4.7
V314,Tata Tigor,Sedan,South India,2024-04-15,108,741995,80135460,2023-02-23,2024-01-15,182,74,Supplier D,445197,8,12,4.1
V315,Tata Safari,SUV,West India,2024-07-05,271,1884367,510663457,2023-09-17,2024-04-16,534,263,Supplier E,1130620,10,8,4.4
V316,Tata Nexon,SUV,South India,2024-11-12,279,850779,237367341,2023-10-20,2024-10-16,358,79,Supplier A,510467,10,13,4.2
V317,Tata Nano,Hatchback,West India,2024-08-29,272,231734,63031648,2023-07-01,2024-07-12,535,263,Supplier D,139040,21,10,4.1
V318,Tata Altroz,Sedan,West India,2024-05-21,282,772508,217847256,2023-05-27,2024-04-27,298,16,Supplier H,463504,10,10,4.2
V319,Tata Punch,SUV,South India,2024-11-05,158,828121,130843118,2023-09-01,2024-09-23,203,45,Supplier I,496872,7,18,4.5
V320,Tata Nano,Hatchback,West India,2025-01-19,200,216937,43387400,2023-12-19,2024-11-18,491,291,Supplier C,130162,17,19,4.5
V321,Tata Harrier,SUV,North India,2024-04-07,279,1314096,366632784,2023-04-14,2024-03-17,308,29,Supplier I,788457,18,16,5.0
V322,Tata Safari,SUV,North India,2023-10-17,53,1947201,103201653,2023-01-03,2023-07-22,142,89,Supplier G,1168320,23,18,4.4
V323,Tata Altroz,Sedan,West India,2024-02-23,109,703334,76663406,2023-03-31,2024-01-23,173,64,Supplier H,422000,14,8,4.1
V324,Tata Nexon EV,Electric SUV,North India,2024-11-15,147,1493773,219584631,2023-11-03,2024-09-09,584,437,Supplier E,896263,8,10,4.1
V325,Tata Nexon EV,Electric SUV,South India,2023-10-26,182,1322408,240678256,2023-01-21,2023-09-08,286,104,Supplier G,793444,6,17,4.5
V326,Tata Nexon,SUV,West India,2024-02-10,124,767885,95217740,2023-02-25,2024-01-08,267,143,Supplier G,460731,23,14,4.5
V327,Tata Nexon EV,Electric SUV,South India,2024-12-19,326,1374815,448189690,2023-12-08,2024-09-16,431,105,Supplier C,824889,21,15,4.1
V328,Tata Tiago,Hatchback,West India,2024-06-19,178,644727,114761406,2023-02-22,2024-03-13,330,152,Supplier E,386836,11,15,4.1
V329,Tata Tiago,Hatchback,South India,2024-07-13,336,659435,221570160,2023-04-18,2024-04-14,404,68,Supplier B,395661,14,11,4.1
V330,Tata Tiago,Hatchback,North India,2024-06-11,297,639640,189973080,2023-03-11,2024-03-31,537,240,Supplier G,383784,8,8,4.4
V331,Tata Hexa,SUV,West India,2024-03-23,184,2138487,393481608,2023-01-30,2024-01-18,357,173,Supplier C,1283092,7,17,4.7
V332,Tata Nexon EV,Electric SUV,West India,2024-05-04,134,1300976,174330784,2023-07-11,2024-04-22,489,355,Supplier H,780585,8,16,4.9
V333,Tata Tigor,Sedan,North India,2024-10-13,265,704730,186753450,2023-06-16,2024-07-13,586,321,Supplier F,422838,10,15,4.2
V334,Tata Nexon,SUV,West India,2024-06-10,362,871935,315640470,2023-08-27,2024-03-29,384,22,Supplier C,523161,25,20,4.5
V335,Tata Nexon,SUV,West India,2024-04-06,350,773854,270848900,2023-04-20,2024-01-07,558,208,Supplier F,464312,24,14,4.5
V336,Tata Altroz,Sedan,South India,2024-11-11,85,734968,62472280,2023-10-14,2024-08-27,187,102,Supplier H,440980,20,19,4.7
V337,Tata Nano,Hatchback,West India,2023-12-24,88,201259,17710792,2023-01-07,2023-12-08,119,31,Supplier J,120755,24,16,4.4
V338,Tata Safari,SUV,North India,2024-04-23,145,1810352,262501040,2023-08-02,2024-03-17,184,39,Supplier J,1086211,19,17,4.5
V339,Tata Tiago,Hatchback,South India,2024-09-11,142,629528,89392976,2023-08-05,2024-08-25,160,18,Supplier F,377716,17,15,4.7
V340,Tata Altroz,Sedan,South India,2024-06-26,112,716879,80290448,2023-10-30,2024-06-04,492,380,Supplier C,430127,10,15,5.0
V341,Tata Punch,SUV,South India,2024-05-22,398,818624,325812352,2023-08-04,2024-04-24,464,66,Supplier H,491174,11,15,4.7
V342,Tata Harrier,SUV,South India,2024-12-21,194,1283614,249021116,2023-10-19,2024-11-19,427,233,Supplier D,770168,8,8,4.9
V343,Tata Safari,SUV,West India,2024-05-12,116,1917191,222394156,2023-04-10,2024-04-24,195,79,Supplier B,1150314,23,11,4.5
V344,Tata Tigor,Sedan,North India,2024-06-11,76,743883,56535108,2023-08-13,2024-04-22,314,238,Supplier H,446329,21,17,4.1
V345,Tata Harrier,SUV,North India,2024-04-08,438,1250957,547919166,2023-06-13,2024-01-14,570,132,Supplier H,750574,23,18,4.4
V346,Tata Nexon,SUV,North India,2024-07-22,228,754000,171912000,2023-10-20,2024-05-17,580,352,Supplier G,452400,5,15,5.0
V347,Tata Nexon,SUV,North India,2025-01-18,323,884401,285661523,2023-12-18,2025-01-05,470,147,Supplier F,530640,20,10,4.2
V348,Tata Tigor,Sedan,South India,2025-01-21,187,724041,135395667,2023-12-12,2025-01-08,419,232,Supplier B,434424,5,15,4.4
V349,Tata Altroz,Sedan,South India,2024-05-14,251,703568,176595568,2023-06-25,2024-04-19,466,215,Supplier D,422140,12,14,4.1
V350,Tata Altroz,Sedan,West India,2023-12-04,91,789914,71882174,2023-01-04,2023-09-04,203,112,Supplier F,473948,25,16,4.1
V351,Tata Harrier,SUV,North India,2024-07-11,96,1392091,133640736,2023-08-09,2024-06-13,133,37,Supplier B,835254,21,10,4.5
V352,Tata Nexon EV,Electric SUV,North India,2024-10-30,262,1436616,376393392,2023-11-16,2024-10-08,288,26,Supplier G,861969,20,15,4.2
V353,Tata Nexon,SUV,North India,2024-11-09,209,813527,170027143,2023-12-30,2024-08-25,298,89,Supplier F,488116,16,12,4.4
V354,Tata Nexon EV,Electric SUV,South India,2024-04-13,421,1433463,603487923,2023-03-07,2024-02-07,501,80,Supplier A,860077,21,20,4.7
V355,Tata Nano,Hatchback,South India,2024-09-27,238,248172,59064936,2023-10-13,2024-07-16,267,29,Supplier D,148903,15,20,4.7
V356,Tata Nexon EV,Electric SUV,North India,2024-06-05,142,1407190,199820980,2023-05-09,2024-04-06,157,15,Supplier I,844314,25,14,4.1
V357,Tata Tigor,Sedan,West India,2023-10-08,227,721583,163799341,2023-03-12,2023-09-30,528,301,Supplier E,432949,21,11,4.2
V358,Tata Tigor,Sedan,West India,2024-02-27,128,730971,93564288,2023-04-12,2023-12-18,572,444,Supplier B,438582,10,13,4.7
V359,Tata Punch,SUV,North India,2025-01-23,179,789212,141268948,2023-12-01,2024-12-15,415,236,Supplier E,473527,12,11,4.9
V360,Tata Altroz,Sedan,North India,2023-09-30,54,786463,42469002,2023-01-11,2023-08-26,124,70,Supplier D,471877,11,17,4.5
V361,Tata Altroz,Sedan,West India,2024-10-08,195,784104,152900280,2023-10-05,2024-07-29,262,67,Supplier I,470462,24,14,4.4
V362,Tata Harrier,SUV,West India,2024-09-26,76,1261746,95892696,2023-11-07,2024-07-12,323,247,Supplier D,757047,5,19,4.4
V363,Tata Nexon,SUV,South India,2025-03-13,182,838148,152542936,2023-12-08,2024-12-03,576,394,Supplier G,502888,25,16,4.7
V364,Tata Safari,SUV,West India,2024-10-17,185,1830844,338706140,2023-11-13,2024-07-19,236,51,Supplier J,1098506,16,12,4.7
V365,Tata Safari,SUV,West India,2024-07-15,250,1889193,472298250,2023-08-20,2024-04-10,470,220,Supplier D,1133515,18,20,4.9
V366,Tata Tiago,Hatchback,South India,2024-03-09,145,600739,87107155,2023-01-06,2023-12-21,361,216,Supplier C,360443,16,18,4.4
V367,Tata Nano,Hatchback,South India,2024-03-23,143,249538,35683934,2023-02-22,2023-12-21,317,174,Supplier J,149722,23,10,4.1
V368,Tata Nexon EV,Electric SUV,South India,2024-05-17,68,1329781,90425108,2023-06-18,2024-03-21,102,34,Supplier H,797868,10,19,4.9
V369,Tata Harrier,SUV,West India,2024-04-19,64,1321041,84546624,2023-04-29,2024-03-25,148,84,Supplier F,792624,24,11,4.5
V370,Tata Nexon,SUV,South India,2024-06-25,324,753297,244068228,2023-09-08,2024-04-22,512,188,Supplier I,451978,8,15,4.7
V371,Tata Nano,Hatchback,North India,2024-04-10,95,236126,22431970,2023-03-16,2024-03-19,129,34,Supplier F,141675,19,12,4.2
V372,Tata Tigor,Sedan,West India,2024-05-18,122,700403,85449166,2023-07-20,2024-03-27,596,474,Supplier G,420241,9,16,4.9
V373,Tata Tiago,Hatchback,North India,2023-11-29,281,611935,171953735,2023-01-10,2023-09-30,397,116,Supplier E,367161,12,9,4.7
V374,Tata Nexon,SUV,North India,2024-09-22,140,814355,114009700,2023-07-01,2024-06-26,439,299,Supplier I,488613,20,8,4.1
V375,Tata Nexon EV,Electric SUV,South India,2024-09-23,302,1403743,423930386,2023-09-10,2024-06-15,373,71,Supplier J,842245,11,17,5.0
V376,Tata Harrier,SUV,South India,2024-12-18,405,1382823,560043315,2023-10-09,2024-10-11,574,169,Supplier H,829693,22,9,4.1
V377,Tata Safari,SUV,North India,2024-08-05,66,1981344,130768704,2023-08-15,2024-07-23,264,198,Supplier G,1188806,10,15,4.9
V378,Tata Harrier,SUV,North India,2024-11-24,101,1395465,140941965,2023-11-14,2024-09-12,178,77,Supplier E,837279,16,18,4.1
V379,Tata Nano,Hatchback,North India,2024-07-14,185,234393,43362705,2023-09-12,2024-06-07,278,93,Supplier F,140635,13,11,4.7
V380,Tata Tigor,Sedan,North India,2024-05-17,299,741222,221625378,2023-07-23,2024-03-13,424,125,Supplier C,444733,21,14,4.4
V381,Tata Nexon EV,Electric SUV,West India,2024-04-01,93,1486407,138235851,2023-04-25,2024-02-28,155,62,Supplier J,891844,19,20,4.1
V382,Tata Nano,Hatchback,West India,2024-06-17,188,204987,38537556,2023-05-10,2024-05-12,439,251,Supplier A,122992,6,18,4.4
V383,Tata Nano,Hatchback,North India,2024-08-26,153,222026,33969978,2023-08-26,2024-05-23,175,22,Supplier E,133215,19,8,4.7
V384,Tata Altroz,Sedan,South India,2024-11-26,330,737007,243212310,2023-12-07,2024-09-05,373,43,Supplier I,442204,15,18,4.4
V385,Tata Harrier,SUV,South India,2023-09-06,140,1330878,186322920,2023-01-11,2023-08-14,459,319,Supplier J,798526,25,17,4.7
V386,Tata Harrier,SUV,South India,2024-08-19,93,1386393,128934549,2023-06-25,2024-06-19,100,7,Supplier A,831835,23,15,4.1
V387,Tata Altroz,Sedan,South India,2024-12-06,212,794943,168527916,2023-11-30,2024-10-26,299,87,Supplier H,476965,12,18,4.1
V388,Tata Nano,Hatchback,North India,2023-09-30,116,244950,28414200,2023-01-18,2023-09-14,553,437,Supplier F,146970,11,18,4.1
V389,Tata Tiago,Hatchback,South India,2024-06-12,432,683778,295392096,2023-09-20,2024-04-26,517,85,Supplier I,410266,11,20,4.4
V390,Tata Nexon EV,Electric SUV,West India,2024-12-04,334,1466985,489972990,2023-09-14,2024-10-15,436,102,Supplier B,880191,14,13,4.7
V391,Tata Safari,SUV,South India,2024-05-26,343,1969903,675676729,2023-07-08,2024-03-30,492,149,Supplier E,1181941,23,10,4.7
V392,Tata Safari,SUV,South India,2024-10-03,302,1945313,587484526,2023-06-28,2024-07-14,550,248,Supplier A,1167187,20,18,4.4
V393,Tata Hexa,SUV,North India,2023-11-12,174,2001850,348321900,2023-01-20,2023-09-12,174,0,Supplier H,1201110,21,11,4.4
V394,Tata Altroz,Sedan,South India,2024-02-13,67,753385,50476795,2023-06-18,2024-01-13,121,54,Supplier B,452031,15,10,4.1
V395,Tata Hexa,SUV,South India,2024-05-11,151,2148156,324371556,2023-09-23,2024-04-17,402,251,Supplier H,1288893,13,19,4.2
V396,Tata Nano,Hatchback,West India,2024-04-09,378,210836,79696008,2023-08-27,2024-03-30,561,183,Supplier H,126501,25,20,4.1
V397,Tata Nexon,SUV,South India,2024-02-07,198,785238,155477124,2023-06-05,2023-12-24,236,38,Supplier D,471142,13,16,4.7
V398,Tata Punch,SUV,West India,2024-06-08,239,807664,193031696,2023-04-29,2024-04-25,398,159,Supplier H,484598,22,9,4.5
V399,Tata Nano,Hatchback,South India,2024-02-19,97,206506,20031082,2023-03-29,2024-01-06,132,35,Supplier B,123903,23,20,4.5
V400,Tata Altroz,Sedan,North India,2024-03-21,139,784699,109073161,2023-05-21,2024-02-05,167,28,Supplier H,470819,8,16,4.1
V401,Tata Safari,SUV,North India,2024-07-25,439,1839969,807746391,2023-07-16,2024-04-21,457,18,Supplier G,1103981,20,8,4.7
V402,Tata Punch,SUV,South India,2024-03-28,131,800775,104901525,2023-04-19,2024-01-26,381,250,Supplier F,480465,9,13,4.4
V403,Tata Harrier,SUV,South India,2024-02-08,157,1394326,218909182,2023-06-07,2024-01-27,338,181,Supplier A,836595,24,17,4.4
V404,Tata Tigor,Sedan,North India,2024-04-20,56,741825,41542200,2023-06-22,2024-04-10,199,143,Supplier E,445095,11,18,4.2
V405,Tata Tiago,Hatchback,West India,2024-03-28,52,629287,32722924,2023-05-11,2024-01-24,194,142,Supplier H,377572,12,15,4.9
V406,Tata Tiago,Hatchback,West India,2024-10-03,210,634541,133253610,2023-12-15,2024-08-20,562,352,Supplier B,380724,24,16,4.1
V407,Tata Safari,SUV,South India,2024-12-11,69,1961030,135311070,2023-10-15,2024-10-26,142,73,Supplier F,1176618,9,14,4.7
V408,Tata Altroz,Sedan,South India,2024-06-02,68,775976,52766368,2023-04-10,2024-05-10,224,156,Supplier A,465585,9,18,4.7
V409,Tata Hexa,SUV,South India,2024-05-01,420,2038093,855999060,2023-05-21,2024-02-10,464,44,Supplier I,1222855,22,13,4.1
V410,Tata Tiago,Hatchback,South India,2024-02-24,132,671526,88641432,2023-04-15,2024-02-19,302,170,Supplier G,402915,18,10,4.2
V411,Tata Nano,Hatchback,West India,2024-08-21,250,200734,50183500,2023-06-12,2024-06-11,589,339,Supplier B,120440,18,9,4.9
V412,Tata Nano,Hatchback,North India,2024-07-23,110,221698,24386780,2023-09-27,2024-05-15,330,220,Supplier F,133018,24,8,4.2
V413,Tata Harrier,SUV,South India,2023-12-24,500,1275690,637845000,2023-02-13,2023-10-23,523,23,Supplier A,765414,7,17,4.1
V414,Tata Tigor,Sedan,West India,2024-09-03,283,737421,208690143,2023-09-15,2024-07-31,435,152,Supplier F,442452,21,16,4.1
V415,Tata Tigor,Sedan,South India,2024-01-26,114,738397,84177258,2023-04-24,2024-01-16,410,296,Supplier A,443038,7,9,4.7
V416,Tata Altroz,Sedan,South India,2023-12-29,87,725348,63105276,2023-01-20,2023-12-09,207,120,Supplier D,435208,7,13,4.7
V417,Tata Tigor,Sedan,West India,2024-10-13,211,730436,154121996,2023-12-01,2024-09-01,340,129,Supplier C,438261,23,13,4.7
V418,Tata Nexon EV,Electric SUV,North India,2024-01-21,74,1491167,110346358,2023-04-20,2023-11-29,523,449,Supplier C,894700,17,13,4.4
V419,Tata Hexa,SUV,South India,2024-05-19,319,2023635,645539565,2023-05-08,2024-04-05,327,8,Supplier A,1214181,22,17,4.9
V420,Tata Nano,Hatchback,West India,2024-11-14,213,239923,51103599,2023-11-13,2024-10-17,275,62,Supplier J,143953,23,18,4.4
V421,Tata Safari,SUV,North India,2024-09-24,88,1920852,169034976,2023-06-30,2024-07-08,320,232,Supplier A,1152511,7,15,4.1
V422,Tata Tigor,Sedan,South India,2024-05-11,174,738248,128455152,2023-07-18,2024-04-26,261,87,Supplier B,442948,20,11,4.1
V423,Tata Punch,SUV,South India,2024-09-01,65,751152,48824880,2023-07-21,2024-06-16,199,134,Supplier C,450691,9,8,5.0
V424,Tata Altroz,Sedan,South India,2024-07-18,196,706579,138489484,2023-05-15,2024-06-12,202,6,Supplier G,423947,25,17,4.5
V425,Tata Safari,SUV,North India,2024-12-23,246,1972189,485158494,2023-11-21,2024-11-18,374,128,Supplier G,1183313,13,20,4.7
V426,Tata Altroz,Sedan,West India,2025-03-06,61,774726,47258286,2023-11-13,2024-12-16,185,124,Supplier C,464835,5,12,5.0
V427,Tata Hexa,SUV,South India,2024-08-03,236,2010102,474384072,2023-11-16,2024-07-09,322,86,Supplier E,1206061,17,14,4.4
V428,Tata Harrier,SUV,South India,2024-08-15,190,1220770,231946300,2023-09-05,2024-07-26,375,185,Supplier E,732462,15,17,4.7
V429,Tata Nexon EV,Electric SUV,North India,2024-01-29,277,1350865,374189605,2023-06-02,2024-01-14,539,262,Supplier H,810519,20,13,4.4
V430,Tata Tigor,Sedan,South India,2024-04-04,226,708865,160203490,2023-03-08,2024-03-03,253,27,Supplier I,425319,23,11,4.1
V431,Tata Nexon EV,Electric SUV,South India,2024-09-16,335,1346649,451127415,2023-06-06,2024-06-13,594,259,Supplier F,807989,8,13,4.1
V432,Tata Safari,SUV,North India,2025-02-01,159,1972945,313698255,2023-11-24,2024-11-24,314,155,Supplier G,1183767,17,19,4.1
V433,Tata Punch,SUV,North India,2025-04-15,326,845947,275778722,2023-12-12,2025-01-06,518,192,Supplier I,507568,11,11,4.7
V434,Tata Punch,SUV,West India,2024-02-28,478,835584,399409152,2023-04-03,2024-01-09,550,72,Supplier H,501350,24,20,4.7
V435,Tata Safari,SUV,North India,2024-09-09,128,1961454,251066112,2023-09-07,2024-07-04,239,111,Supplier B,1176872,6,10,4.2
V436,Tata Safari,SUV,South India,2024-09-25,402,1862291,748640982,2023-11-18,2024-08-25,436,34,Supplier E,1117374,8,12,4.1
V437,Tata Nano,Hatchback,North India,2024-08-05,100,248908,24890800,2023-09-16,2024-05-11,104,4,Supplier C,149344,6,13,4.9
V438,Tata Altroz,Sedan,North India,2024-03-18,437,776143,339174491,2023-05-09,2024-01-20,564,127,Supplier I,465685,22,10,5.0
V439,Tata Punch,SUV,North India,2024-05-03,82,753482,61785524,2023-04-21,2024-01-30,338,256,Supplier C,452089,16,11,5.0
V440,Tata Nano,Hatchback,West India,2024-07-29,296,201139,59537144,2023-09-21,2024-06-03,597,301,Supplier F,120683,8,10,5.0
V441,Tata Harrier,SUV,West India,2023-10-16,309,1369936,423310224,2023-02-16,2023-09-18,572,263,Supplier E,821961,12,17,4.4
V442,Tata Tiago,Hatchback,West India,2024-04-09,123,671985,82654155,2023-03-21,2024-02-20,249,126,Supplier E,403191,14,17,4.1
V443,Tata Safari,SUV,North India,2024-01-05,243,1916269,465653367,2023-01-23,2023-12-23,452,209,Supplier H,1149761,7,12,4.4
V444,Tata Tiago,Hatchback,South India,2024-10-26,217,680070,147575190,2023-09-08,2024-08-11,593,376,Supplier G,408042,22,12,4.2
V445,Tata Nano,Hatchback,South India,2024-05-25,256,239035,61192960,2023-05-13,2024-05-19,333,77,Supplier I,143421,6,16,4.4
V446,Tata Safari,SUV,North India,2024-04-15,62,1908352,118317824,2023-03-22,2024-04-01,277,215,Supplier H,1145011,14,16,4.5
V447,Tata Tigor,Sedan,West India,2024-09-18,314,740974,232665836,2023-05-20,2024-06-14,360,46,Supplier E,444584,17,12,4.1
V448,Tata Punch,SUV,South India,2024-08-07,83,809986,67228838,2023-05-30,2024-06-09,165,82,Supplier F,485991,23,16,4.4
V449,Tata Hexa,SUV,North India,2024-01-28,129,2122914,273855906,2023-02-13,2023-11-11,488,359,Supplier E,1273748,17,13,4.2
V450,Tata Nano,Hatchback,South India,2024-04-28,288,204471,58887648,2023-03-27,2024-03-09,557,269,Supplier A,122682,11,14,4.1
V451,Tata Nano,Hatchback,West India,2024-08-05,235,232239,54576165,2023-07-29,2024-06-04,509,274,Supplier H,139343,11,8,4.1
V452,Tata Tiago,Hatchback,West India,2024-11-11,303,694167,210332601,2023-10-09,2024-10-12,318,15,Supplier A,416500,15,17,4.9
V453,Tata Tigor,Sedan,South India,2023-12-21,483,740269,357549927,2023-03-15,2023-10-22,485,2,Supplier D,444161,10,19,4.7
V454,Tata Nano,Hatchback,West India,2023-09-27,82,222956,18282392,2023-01-11,2023-08-20,372,290,Supplier I,133773,22,17,4.7
V455,Tata Safari,SUV,West India,2024-08-01,54,1965084,106114536,2023-12-12,2024-07-21,430,376,Supplier E,1179050,19,13,4.7
V456,Tata Nexon,SUV,West India,2024-11-17,164,881942,144638488,2023-12-31,2024-10-30,568,404,Supplier G,529165,5,17,4.1
V457,Tata Nano,Hatchback,North India,2024-06-12,86,239936,20634496,2023-05-16,2024-05-17,230,144,Supplier E,143961,13,17,4.9
V458,Tata Nexon EV,Electric SUV,West India,2024-08-25,214,1465352,313585328,2023-08-25,2024-06-01,413,199,Supplier J,879211,20,11,4.5
V459,Tata Nano,Hatchback,North India,2023-11-24,391,232297,90828127,2023-02-13,2023-11-10,498,107,Supplier H,139378,22,9,4.4
V460,Tata Hexa,SUV,North India,2024-06-17,73,2002549,146186077,2023-06-11,2024-04-27,588,515,Supplier J,1201529,21,12,4.1
V461,Tata Tigor,Sedan,South India,2024-03-12,249,749952,186738048,2023-01-21,2024-02-21,431,182,Supplier J,449971,15,8,5.0
V462,Tata Altroz,Sedan,South India,2023-12-01,200,716913,143382600,2023-02-15,2023-10-06,212,12,Supplier B,430147,11,19,4.4
V463,Tata Nano,Hatchback,South India,2023-10-17,413,224716,92807708,2023-01-26,2023-09-15,573,160,Supplier D,134829,23,17,4.1
V464,Tata Nexon,SUV,North India,2024-08-11,131,798619,104619089,2023-07-15,2024-05-06,499,368,Supplier C,479171,21,18,4.2
V465,Tata Punch,SUV,North India,2024-02-12,77,833604,64187508,2023-05-11,2023-12-27,306,229,Supplier H,500162,23,11,4.9
V466,Tata Nexon EV,Electric SUV,North India,2024-06-21,83,1354342,112410386,2023-05-12,2024-05-27,500,417,Supplier I,812605,7,19,4.5
V467,Tata Nano,Hatchback,West India,2023-11-09,238,234408,55789104,2023-01-17,2023-10-10,278,40,Supplier B,140644,16,9,5.0
V468,Tata Harrier,SUV,West India,2024-07-18,215,1210332,260221380,2023-08-14,2024-05-22,546,331,Supplier B,726199,13,20,4.4
V469,Tata Nano,Hatchback,North India,2024-07-02,118,216783,25580394,2023-05-08,2024-04-05,524,406,Supplier A,130069,21,17,4.4
V470,Tata Nano,Hatchback,North India,2024-05-28,86,209098,17982428,2023-03-07,2024-03-23,206,120,Supplier I,125458,8,17,4.1
V471,Tata Nexon,SUV,South India,2024-02-13,91,883281,80378571,2023-04-30,2023-12-06,116,25,Supplier C,529968,6,17,4.1
V472,Tata Hexa,SUV,North India,2024-01-20,127,2054848,260965696,2023-01-16,2023-11-21,142,15,Supplier I,1232908,9,8,4.7
V473,Tata Tiago,Hatchback,North India,2024-05-26,367,631183,231644161,2023-07-12,2024-03-13,406,39,Supplier A,378709,11,15,5.0
V474,Tata Harrier,SUV,North India,2024-01-17,204,1295175,264215700,2023-02-09,2023-10-18,307,103,Supplier A,777105,24,18,4.4
V475,Tata Altroz,Sedan,North India,2024-08-19,189,770118,145552302,2023-12-04,2024-08-02,569,380,Supplier B,462070,8,9,4.9
V476,Tata Tiago,Hatchback,South India,2024-04-25,211,629160,132752760,2023-06-08,2024-03-26,264,53,Supplier C,377496,9,8,5.0
V477,Tata Nexon EV,Electric SUV,North India,2024-08-13,119,1379345,164142055,2023-11-12,2024-07-13,149,30,Supplier D,827607,23,12,4.1
V478,Tata Nano,Hatchback,West India,2024-12-03,223,233693,52113539,2023-08-14,2024-09-05,436,213,Supplier E,140215,8,8,4.5
V479,Tata Nexon EV,Electric SUV,North India,2023-09-08,127,1435572,182317644,2023-01-15,2023-08-28,291,164,Supplier F,861343,23,14,4.2
V480,Tata Altroz,Sedan,South India,2024-10-15,362,767876,277971112,2023-09-02,2024-07-13,375,13,Supplier C,460725,6,16,4.4
V481,Tata Safari,SUV,North India,2024-05-25,70,1992563,139479410,2023-04-14,2024-03-08,553,483,Supplier C,1195537,19,13,4.2
V482,Tata Safari,SUV,North India,2025-02-07,380,1803230,685227400,2023-12-06,2025-01-08,453,73,Supplier B,1081938,12,9,4.1
V483,Tata Nexon,SUV,South India,2024-01-09,55,837242,46048310,2023-02-10,2023-10-06,460,405,Supplier H,502345,5,20,4.5
V484,Tata Harrier,SUV,North India,2024-09-13,475,1204462,572119450,2023-07-24,2024-06-25,476,1,Supplier H,722677,14,8,4.1
V485,Tata Nano,Hatchback,West India,2023-12-09,340,244999,83299660,2023-01-20,2023-10-21,348,8,Supplier H,146999,6,15,4.4
V486,Tata Tigor,Sedan,South India,2024-04-19,85,705495,59967075,2023-04-16,2024-04-13,278,193,Supplier D,423297,11,16,4.4
V487,Tata Safari,SUV,West India,2024-09-21,346,1985844,687102024,2023-12-21,2024-09-03,524,178,Supplier D,1191506,16,16,4.1
V488,Tata Nexon,SUV,North India,2024-04-22,203,866525,175904575,2023-01-13,2024-01-30,568,365,Supplier D,519915,6,13,4.9
V489,Tata Nexon EV,Electric SUV,North India,2024-09-17,165,1303364,215055060,2023-05-31,2024-06-19,236,71,Supplier C,782018,18,14,4.7
V490,Tata Tiago,Hatchback,North India,2024-08-19,256,664121,170014976,2023-08-09,2024-05-13,378,122,Supplier I,398472,20,10,4.7
V491,Tata Punch,SUV,West India,2025-02-19,90,781412,70327080,2023-11-09,2024-11-13,362,272,Supplier G,468847,6,17,4.2
V492,Tata Altroz,Sedan,North India,2024-02-20,111,745846,82788906,2023-03-03,2023-12-18,182,71,Supplier B,447507,20,14,4.5
V493,Tata Tigor,Sedan,South India,2024-01-14,185,707897,130960945,2023-03-27,2024-01-05,286,101,Supplier H,424738,23,11,4.2
V494,Tata Hexa,SUV,North India,2023-09-06,85,2121398,180318830,2023-01-12,2023-08-04,488,403,Supplier H,1272838,15,13,4.7
V495,Tata Hexa,SUV,South India,2024-04-17,153,2117939,324044667,2023-08-21,2024-03-21,428,275,Supplier H,1270763,22,9,4.4
V496,Tata Tiago,Hatchback,South India,2024-10-29,318,624522,198597996,2023-11-14,2024-10-15,535,217,Supplier D,374713,12,8,4.4
V497,Tata Tigor,Sedan,North India,2025-03-30,71,731893,51964403,2023-12-08,2024-12-26,435,364,Supplier D,439135,22,11,4.7
V498,Tata Harrier,SUV,South India,2024-04-23,232,1365850,316877200,2023-09-12,2024-04-16,300,68,Supplier E,819510,14,18,4.5
V499,Tata Tiago,Hatchback,South India,2024-03-23,361,652801,235661161,2023-05-24,2024-02-17,526,165,Supplier A,391680,23,20,4.2
V500,Tata Nexon EV,Electric SUV,North India,2024-03-13,122,1311135,159958470,2023-06-22,2024-02-14,183,61,Supplier H,786681,23,17,4.9
V501,Tata Tiago,Hatchback,West India,2024-08-17,185,614612,113703220,2023-10-18,2024-06-02,466,281,Supplier E,368767,15,9,4.1
V502,Tata Punch,SUV,West India,2024-08-20,282,764283,215527806,2023-06-28,2024-05-19,325,43,Supplier E,458569,18,11,4.1
V503,Tata Punch,SUV,South India,2024-09-12,139,772969,107442691,2023-07-31,2024-09-01,307,168,Supplier J,463781,9,14,5.0
V504,Tata Tigor,Sedan,West India,2024-03-14,92,724436,66648112,2023-05-04,2023-12-12,292,200,Supplier D,434661,6,15,4.4
V505,Tata Punch,SUV,South India,2024-08-13,489,769985,376522665,2023-06-22,2024-06-11,506,17,Supplier F,461991,17,19,4.1
V506,Tata Nano,Hatchback,West India,2024-10-04,270,230824,62322480,2023-11-25,2024-07-28,509,239,Supplier F,138494,21,8,4.5
V507,Tata Tigor,Sedan,North India,2024-10-03,70,703674,49257180,2023-08-23,2024-09-15,125,55,Supplier D,422204,14,13,4.5
V508,Tata Safari,SUV,South India,2024-04-02,102,1913130,195139260,2023-06-01,2024-01-04,114,12,Supplier G,1147878,19,10,4.2
V509,Tata Tiago,Hatchback,South India,2024-12-19,118,652089,76946502,2023-10-17,2024-11-09,152,34,Supplier G,391253,21,15,5.0
V510,Tata Nano,Hatchback,West India,2024-05-30,53,226558,12007574,2023-05-06,2024-02-20,179,126,Supplier A,135934,11,11,4.1
V511,Tata Altroz,Sedan,South India,2023-09-20,92,712931,65589652,2023-01-15,2023-09-06,111,19,Supplier E,427758,7,9,4.7
V512,Tata Safari,SUV,West India,2024-05-11,215,1803652,387785180,2023-03-02,2024-02-07,487,272,Supplier G,1082191,18,10,4.9
V513,Tata Nexon,SUV,South India,2024-09-01,138,829260,114437880,2023-06-08,2024-06-02,411,273,Supplier H,497556,22,15,4.4
V514,Tata Safari,SUV,South India,2024-01-21,280,1852501,518700280,2023-01-02,2023-11-26,309,29,Supplier B,1111500,19,18,4.1
V515,Tata Safari,SUV,North India,2024-03-17,119,1960073,233248687,2023-06-01,2023-12-23,136,17,Supplier F,1176043,6,8,4.7
V516,Tata Safari,SUV,South India,2024-04-04,315,1995922,628715430,2023-03-10,2024-02-23,572,257,Supplier A,1197553,23,20,4.7
V517,Tata Nano,Hatchback,West India,2024-08-07,415,206463,85682145,2023-06-11,2024-05-31,536,121,Supplier J,123877,13,12,4.7
V518,Tata Safari,SUV,West India,2024-03-01,203,1877780,381189340,2023-04-11,2023-11-26,507,304,Supplier B,1126668,12,15,4.1
V519,Tata Altroz,Sedan,West India,2024-03-23,488,719140,350940320,2023-04-11,2024-01-26,557,69,Supplier D,431484,10,11,4.7
V520,Tata Nexon EV,Electric SUV,North India,2024-01-19,404,1303521,526622484,2023-01-09,2023-10-18,421,17,Supplier B,782112,16,17,4.2
V521,Tata Altroz,Sedan,West India,2024-06-12,96,732115,70283040,2023-06-13,2024-03-06,157,61,Supplier E,439269,12,19,4.2
V522,Tata Nexon EV,Electric SUV,North India,2024-08-05,73,1377794,100578962,2023-10-12,2024-07-13,232,159,Supplier C,826676,23,14,4.4
V523,Tata Nano,Hatchback,South India,2024-02-18,51,210321,10726371,2023-05-15,2023-12-11,330,279,Supplier B,126192,11,15,4.7
V524,Tata Safari,SUV,North India,2024-07-27,52,1990045,103482340,2023-05-31,2024-06-13,217,165,Supplier F,1194027,20,18,4.9
V525,Tata Altroz,Sedan,North India,2024-05-01,241,731746,176350786,2023-04-25,2024-02-24,242,1,Supplier H,439047,20,8,4.5
V526,Tata Nexon EV,Electric SUV,North India,2024-10-13,85,1475601,125426085,2023-10-07,2024-09-07,336,251,Supplier D,885360,19,9,5.0
V527,Tata Tigor,Sedan,North India,2024-03-16,390,732639,285729210,2023-04-14,2024-02-11,584,194,Supplier I,439583,13,9,4.7
V528,Tata Harrier,SUV,North India,2024-04-19,177,1243421,220085517,2023-07-06,2024-03-04,275,98,Supplier G,746052,12,15,4.7
V529,Tata Nano,Hatchback,South India,2024-07-30,59,203770,12022430,2023-10-04,2024-04-28,252,193,Supplier C,122262,7,20,4.5
V530,Tata Nano,Hatchback,North India,2024-12-17,234,220227,51533118,2023-10-04,2024-09-16,300,66,Supplier F,132136,13,19,4.7
V531,Tata Nano,Hatchback,North India,2025-01-25,99,241221,23880879,2023-11-19,2024-12-09,426,327,Supplier C,144732,9,8,4.1
V532,Tata Safari,SUV,South India,2024-05-09,329,1836117,604082493,2023-01-19,2024-02-04,573,244,Supplier A,1101670,12,12,4.4
V533,Tata Altroz,Sedan,West India,2024-02-07,111,769195,85380645,2023-06-01,2023-12-22,336,225,Supplier I,461517,25,8,4.7
V534,Tata Tigor,Sedan,South India,2024-01-17,51,716018,36516918,2023-02-03,2023-12-11,109,58,Supplier J,429610,13,19,4.1
V535,Tata Tiago,Hatchback,North India,2024-05-03,129,667745,86139105,2023-05-26,2024-04-18,146,17,Supplier E,400647,15,19,4.7
V536,Tata Nexon,SUV,South India,2024-07-16,94,823152,77376288,2023-08-22,2024-05-04,528,434,Supplier D,493891,14,18,4.7
V537,Tata Nexon EV,Electric SUV,West India,2024-11-28,227,1310539,297492353,2023-08-07,2024-09-03,369,142,Supplier I,786323,14,20,4.2
V538,Tata Safari,SUV,South India,2024-12-16,82,1820987,149320934,2023-11-25,2024-11-01,291,209,Supplier A,1092592,8,20,4.9
V539,Tata Nexon EV,Electric SUV,South India,2024-09-15,170,1346588,228919960,2023-10-18,2024-07-23,363,193,Supplier I,807952,25,12,4.7
V540,Tata Safari,SUV,West India,2024-03-14,125,1974252,246781500,2023-02-05,2024-01-10,446,321,Supplier A,1184551,16,19,4.2
V541,Tata Tiago,Hatchback,West India,2024-08-24,208,608816,126633728,2023-12-10,2024-07-30,212,4,Supplier B,365289,14,16,4.9
V542,Tata Hexa,SUV,West India,2023-12-11,113,2023636,228670868,2023-01-05,2023-09-10,136,23,Supplier F,1214181,16,11,4.7
V543,Tata Hexa,SUV,West India,2024-04-12,268,2101386,563171448,2023-05-26,2024-03-12,476,208,Supplier J,1260831,25,17,4.9
V544,Tata Tiago,Hatchback,West India,2024-08-29,370,659937,244176690,2023-11-15,2024-07-22,446,76,Supplier H,395962,25,20,4.1
V545,Tata Tiago,Hatchback,North India,2024-06-27,125,659953,82494125,2023-05-14,2024-03-27,250,125,Supplier H,395971,23,9,4.1
V546,Tata Nexon,SUV,West India,2024-08-22,134,760845,101953230,2023-08-11,2024-07-01,401,267,Supplier H,456507,20,18,4.2
V547,Tata Hexa,SUV,West India,2024-09-05,79,2141732,169196828,2023-10-20,2024-07-08,309,230,Supplier B,1285039,8,16,4.5
V548,Tata Nexon EV,Electric SUV,South India,2024-02-08,99,1485034,147018366,2023-03-06,2023-11-09,263,164,Supplier F,891020,7,19,4.4
V549,Tata Harrier,SUV,North India,2024-06-04,458,1277692,585182936,2023-07-20,2024-04-15,526,68,Supplier I,766615,12,20,4.1
V550,Tata Tigor,Sedan,North India,2024-02-02,270,738666,199439820,2023-05-09,2023-11-30,397,127,Supplier F,443199,23,19,4.5
V551,Tata Punch,SUV,North India,2024-08-17,154,766262,118004348,2023-09-07,2024-06-09,157,3,Supplier I,459757,22,10,4.1
V552,Tata Punch,SUV,North India,2024-07-21,288,754380,217261440,2023-11-02,2024-07-08,332,44,Supplier C,452628,24,10,4.7
V553,Tata Nexon EV,Electric SUV,North India,2023-11-04,182,1398436,254515352,2023-02-05,2023-09-03,418,236,Supplier E,839061,24,14,4.7
V554,Tata Altroz,Sedan,South India,2024-08-16,114,791575,90239550,2023-05-19,2024-06-14,452,338,Supplier C,474945,10,16,4.9
V555,Tata Hexa,SUV,West India,2024-06-12,209,2147555,448838995,2023-07-19,2024-06-07,233,24,Supplier B,1288533,12,12,4.4
V556,Tata Nexon,SUV,North India,2024-11-23,366,784536,287140176,2023-12-14,2024-08-15,426,60,Supplier J,470721,18,9,4.9
V557,Tata Tigor,Sedan,South India,2024-02-05,125,724069,90508625,2023-01-18,2023-10-31,255,130,Supplier B,434441,25,8,5.0
V558,Tata Punch,SUV,South India,2023-11-27,74,836041,61867034,2023-02-18,2023-11-15,257,183,Supplier D,501624,10,13,4.7
V559,Tata Nexon EV,Electric SUV,South India,2023-10-24,300,1322597,396779100,2023-01-15,2023-09-02,400,100,Supplier E,793558,6,20,4.7
V560,Tata Tigor,Sedan,South India,2024-07-27,350,732495,256373250,2023-05-15,2024-05-19,520,170,Supplier A,439497,8,11,4.4
V561,Tata Harrier,SUV,South India,2023-12-10,454,1304312,592157648,2023-04-02,2023-11-18,585,131,Supplier B,782587,15,10,4.9
V562,Tata Safari,SUV,West India,2024-09-27,462,1909466,882173292,2023-09-29,2024-08-22,528,66,Supplier H,1145679,12,16,4.4
V563,Tata Punch,SUV,North India,2023-10-22,74,839708,62138392,2023-02-11,2023-09-07,532,458,Supplier E,503824,6,15,4.9
V564,Tata Nano,Hatchback,South India,2024-11-30,337,212577,71638449,2023-11-15,2024-09-20,530,193,Supplier E,127546,24,8,4.4
V565,Tata Safari,SUV,West India,2024-05-15,335,1800218,603073030,2023-06-29,2024-03-16,470,135,Supplier D,1080130,20,9,4.7
V566,Tata Nexon EV,Electric SUV,North India,2024-03-21,172,1418107,243914404,2023-02-07,2024-02-03,388,216,Supplier F,850864,13,13,4.7
V567,Tata Altroz,Sedan,North India,2024-02-25,138,754034,104056692,2023-02-13,2024-01-09,194,56,Supplier A,452420,14,16,4.9
V568,Tata Punch,SUV,North India,2024-06-06,88,752975,66261800,2023-04-07,2024-05-05,113,25,Supplier I,451785,10,8,4.9
V569,Tata Nano,Hatchback,West India,2025-02-09,100,228977,22897700,2023-11-25,2024-11-19,156,56,Supplier H,137386,13,12,4.9
V570,Tata Nano,Hatchback,South India,2024-06-05,221,220559,48743539,2023-09-13,2024-05-20,469,248,Supplier E,132335,5,8,5.0
V571,Tata Altroz,Sedan,South India,2024-08-05,206,713150,146908900,2023-11-14,2024-07-19,230,24,Supplier G,427890,7,15,4.5
V572,Tata Nexon,SUV,South India,2024-09-29,111,893788,99210468,2023-08-03,2024-07-26,216,105,Supplier F,536272,23,17,4.2
V573,Tata Safari,SUV,South India,2024-04-08,413,1895524,782851412,2023-03-05,2024-01-06,425,12,Supplier J,1137314,25,13,4.9
V574,Tata Harrier,SUV,North India,2024-04-24,349,1325752,462687448,2023-05-25,2024-02-16,380,31,Supplier C,795451,25,8,4.4
V575,Tata Hexa,SUV,West India,2024-07-26,201,2186890,439564890,2023-06-05,2024-04-26,324,123,Supplier G,1312134,19,10,4.2
V576,Tata Hexa,SUV,South India,2024-04-25,130,2169449,282028370,2023-05-15,2024-03-16,457,327,Supplier B,1301669,6,18,5.0
V577,Tata Nano,Hatchback,West India,2024-02-17,62,230964,14319768,2023-02-05,2023-12-21,525,463,Supplier A,138578,23,12,4.9
V578,Tata Altroz,Sedan,South India,2024-09-30,427,798603,341003481,2023-12-21,2024-07-08,493,66,Supplier D,479161,7,13,4.5
V579,Tata Safari,SUV,North India,2024-03-29,76,1942603,147637828,2023-08-01,2024-03-17,107,31,Supplier C,1165561,11,8,4.4
V580,Tata Harrier,SUV,South India,2025-01-31,115,1390426,159898990,2023-12-17,2024-11-19,135,20,Supplier I,834255,15,10,4.1
V581,Tata Safari,SUV,South India,2024-01-19,116,1898424,220217184,2023-01-02,2023-11-25,294,178,Supplier C,1139054,10,18,4.5
V582,Tata Hexa,SUV,North India,2024-04-02,97,2012518,195214246,2023-05-14,2023-12-30,224,127,Supplier G,1207510,12,13,4.2
V583,Tata Safari,SUV,West India,2024-03-08,55,1857738,102175590,2023-01-29,2024-02-21,415,360,Supplier D,1114642,13,16,4.2
V584,Tata Hexa,SUV,South India,2024-09-21,81,2176510,176297310,2023-10-08,2024-07-01,292,211,Supplier I,1305906,17,9,5.0
V585,Tata Nexon,SUV,West India,2024-02-24,275,823654,226504850,2023-03-23,2024-01-27,556,281,Supplier J,494192,20,9,4.1
V586,Tata Tiago,Hatchback,West India,2024-09-10,82,657032,53876624,2023-08-24,2024-08-26,143,61,Supplier F,394219,25,12,4.4
V587,Tata Punch,SUV,South India,2024-02-14,375,816599,306224625,2023-05-24,2023-12-30,514,139,Supplier J,489959,11,19,5.0
V588,Tata Nexon EV,Electric SUV,South India,2024-03-06,67,1373461,92021887,2023-02-25,2024-01-07,223,156,Supplier G,824076,10,11,4.1
V589,Tata Safari,SUV,South India,2024-08-20,265,1963406,520302590,2023-10-05,2024-08-05,294,29,Supplier A,1178043,17,16,4.9
V590,Tata Safari,SUV,North India,2023-12-18,237,1858788,440532756,2023-01-29,2023-10-31,395,158,Supplier J,1115272,20,15,4.1
V591,Tata Nano,Hatchback,North India,2024-04-09,119,233239,27755441,2023-06-08,2024-02-11,127,8,Supplier A,139943,9,13,4.1
V592,Tata Nexon EV,Electric SUV,West India,2024-03-26,282,1312749,370195218,2023-04-28,2024-02-07,525,243,Supplier F,787649,20,10,5.0
V593,Tata Nexon,SUV,South India,2024-04-12,52,803599,41787148,2023-06-13,2024-01-17,110,58,Supplier B,482159,19,14,4.5
V594,Tata Tigor,Sedan,West India,2024-08-07,133,718259,95528447,2023-10-29,2024-07-24,139,6,Supplier E,430955,13,19,4.7
V595,Tata Nano,Hatchback,South India,2024-04-29,123,233076,28668348,2023-02-23,2024-02-11,150,27,Supplier F,139845,12,11,4.4
V596,Tata Harrier,SUV,North India,2024-07-17,136,1213130,164985680,2023-10-29,2024-06-25,304,168,Supplier G,727878,9,15,4.7
V597,Tata Nexon,SUV,North India,2024-03-28,476,852671,405871396,2023-07-06,2024-03-21,552,76,Supplier D,511602,21,10,4.7
V598,Tata Tiago,Hatchback,South India,2024-06-29,225,687070,154590750,2023-03-28,2024-04-14,272,47,Supplier F,412242,7,16,4.7
V599,Tata Nexon EV,Electric SUV,North India,2024-05-30,69,1374604,94847676,2023-08-22,2024-04-14,122,53,Supplier G,824762,19,17,4.4
V600,Tata Altroz,Sedan,South India,2024-02-23,499,768922,383692078,2023-01-19,2023-11-25,546,47,Supplier C,461353,16,16,4.4
V601,Tata Nano,Hatchback,West India,2024-11-09,157,212874,33421218,2023-07-15,2024-08-16,228,71,Supplier D,127724,23,12,4.1
V602,Tata Nexon,SUV,South India,2023-12-19,336,865732,290885952,2023-02-18,2023-09-16,506,170,Supplier F,519439,6,8,4.7
V603,Tata Nano,Hatchback,North India,2024-07-08,64,203433,13019712,2023-06-24,2024-04-07,116,52,Supplier G,122059,24,16,4.7
V604,Tata Harrier,SUV,South India,2024-07-29,194,1311744,254478336,2023-10-22,2024-07-21,232,38,Supplier E,787046,9,9,4.7
V605,Tata Harrier,SUV,West India,2024-03-07,111,1324198,146985978,2023-03-19,2023-12-01,155,44,Supplier D,794518,6,8,4.1
V606,Tata Harrier,SUV,South India,2024-11-10,428,1371046,586807688,2023-12-08,2024-10-22,507,79,Supplier F,822627,17,16,4.9
V607,Tata Nano,Hatchback,West India,2024-05-21,117,226652,26518284,2023-05-31,2024-04-11,596,479,Supplier C,135991,7,17,5.0
V608,Tata Harrier,SUV,West India,2024-08-04,124,1326345,164466780,2023-08-11,2024-05-19,168,44,Supplier G,795807,18,15,4.7
V609,Tata Altroz,Sedan,North India,2024-08-19,204,754923,154004292,2023-08-01,2024-05-29,439,235,Supplier A,452953,12,19,4.4
V610,Tata Punch,SUV,West India,2024-10-21,215,809215,173981225,2023-12-13,2024-07-20,220,5,Supplier E,485529,23,8,4.4
V611,Tata Nexon EV,Electric SUV,North India,2024-06-09,258,1339228,345520824,2023-02-27,2024-03-13,263,5,Supplier E,803536,18,14,4.2
V612,Tata Tigor,Sedan,South India,2023-10-05,273,744262,203183526,2023-01-01,2023-08-24,476,203,Supplier A,446557,7,15,5.0
V613,Tata Hexa,SUV,West India,2023-12-06,63,2121553,133657839,2023-03-14,2023-11-22,552,489,Supplier I,1272931,11,14,4.7
V614,Tata Altroz,Sedan,South India,2024-02-07,134,795986,106662124,2023-01-06,2024-01-04,579,445,Supplier D,477591,21,20,4.4
V615,Tata Tiago,Hatchback,North India,2024-10-09,130,639030,83073900,2023-11-01,2024-08-17,533,403,Supplier E,383418,11,8,4.7
V616,Tata Altroz,Sedan,North India,2023-12-20,203,737421,149696463,2023-01-06,2023-10-18,242,39,Supplier H,442452,25,18,4.5
V617,Tata Tigor,Sedan,West India,2024-09-24,62,733690,45488780,2023-07-28,2024-07-11,237,175,Supplier C,440214,24,11,4.7
V618,Tata Harrier,SUV,West India,2023-10-30,292,1356465,396087780,2023-02-06,2023-09-10,302,10,Supplier C,813879,9,19,4.7
V619,Tata Tigor,Sedan,North India,2025-01-05,68,742206,50470008,2023-11-15,2024-12-11,334,266,Supplier C,445323,7,18,4.7
V620,Tata Harrier,SUV,West India,2024-05-04,268,1301484,348797712,2023-06-27,2024-04-16,316,48,Supplier G,780890,23,11,4.1
V621,Tata Hexa,SUV,West India,2024-02-01,200,2168921,433784200,2023-01-23,2023-11-28,220,20,Supplier I,1301352,16,8,4.7
V622,Tata Harrier,SUV,North India,2024-08-21,206,1320060,271932360,2023-11-15,2024-06-05,281,75,Supplier C,792036,24,15,5.0
V623,Tata Nexon EV,Electric SUV,South India,2024-11-12,203,1352633,274584499,2023-08-07,2024-09-07,210,7,Supplier B,811579,5,8,4.1
V624,Tata Tiago,Hatchback,North India,2024-01-25,232,674204,156415328,2023-02-26,2024-01-05,359,127,Supplier D,404522,25,17,4.1
V625,Tata Tigor,Sedan,South India,2024-02-07,169,747582,126341358,2023-06-09,2024-01-13,323,154,Supplier J,448549,10,13,4.1
V626,Tata Nano,Hatchback,South India,2024-06-09,114,248354,28312356,2023-07-04,2024-04-07,180,66,Supplier J,149012,13,10,4.9
V627,Tata Nexon,SUV,South India,2024-07-09,126,830355,104624730,2023-04-09,2024-04-27,286,160,Supplier H,498213,7,19,4.9
V628,Tata Hexa,SUV,West India,2024-02-22,147,2057447,302444709,2023-03-05,2024-02-16,161,14,Supplier C,1234468,18,14,4.7
V629,Tata Tiago,Hatchback,West India,2024-01-25,201,639224,128484024,2023-01-17,2023-11-23,571,370,Supplier D,383534,18,16,4.1
V630,Tata Hexa,SUV,West India,2024-08-17,289,2152886,622184054,2023-07-12,2024-08-12,340,51,Supplier E,1291731,20,20,4.4
V631,Tata Safari,SUV,North India,2024-09-05,458,1991171,911956318,2023-05-31,2024-07-02,513,55,Supplier F,1194702,20,11,4.5
V632,Tata Punch,SUV,South India,2024-08-03,113,761977,86103401,2023-09-03,2024-07-23,524,411,Supplier B,457186,18,11,4.4
V633,Tata Nano,Hatchback,South India,2024-04-24,180,218260,39286800,2023-03-30,2024-02-21,283,103,Supplier F,130956,19,8,5.0
V634,Tata Altroz,Sedan,South India,2024-05-11,288,718944,207055872,2023-03-07,2024-02-22,428,140,Supplier A,431366,17,20,4.9
V635,Tata Tigor,Sedan,South India,2024-10-27,126,738450,93044700,2023-08-14,2024-08-21,136,10,Supplier B,443070,14,14,4.4
V636,Tata Hexa,SUV,South India,2024-10-23,181,2034447,368234907,2023-12-17,2024-08-15,204,23,Supplier B,1220668,21,16,4.9
V637,Tata Punch,SUV,West India,2024-06-11,142,767350,108963700,2023-08-16,2024-06-01,275,133,Supplier I,460410,21,11,4.4
V638,Tata Altroz,Sedan,West India,2024-02-05,51,780059,39783009,2023-03-12,2023-12-30,174,123,Supplier E,468035,13,18,4.1
V639,Tata Punch,SUV,North India,2024-08-22,173,818178,141544794,2023-05-26,2024-06-21,211,38,Supplier G,490906,19,13,4.1
V640,Tata Nexon EV,Electric SUV,South India,2024-04-06,67,1433164,96021988,2023-09-07,2024-03-26,216,149,Supplier I,859898,24,14,4.9
V641,Tata Tigor,Sedan,North India,2024-06-24,238,738098,175667324,2023-07-16,2024-06-02,272,34,Supplier C,442858,17,12,4.7
V642,Tata Harrier,SUV,North India,2024-09-02,73,1239833,90507809,2023-08-27,2024-07-29,209,136,Supplier A,743899,20,8,4.7
V643,Tata Nexon EV,Electric SUV,North India,2025-02-13,304,1315632,399952128,2023-12-22,2024-11-14,551,247,Supplier B,789379,21,17,4.1
V644,Tata Nano,Hatchback,West India,2024-07-17,248,246189,61054872,2023-07-23,2024-04-21,420,172,Supplier I,147713,11,20,4.4
V645,Tata Tigor,Sedan,West India,2024-10-14,458,730038,334357404,2023-08-15,2024-07-22,573,115,Supplier F,438022,14,17,4.2
V646,Tata Safari,SUV,South India,2024-11-13,300,1900595,570178500,2023-12-14,2024-09-16,406,106,Supplier I,1140357,23,16,4.1
V647,Tata Altroz,Sedan,South India,2024-08-18,123,794921,97775283,2023-12-10,2024-07-14,241,118,Supplier F,476952,18,20,4.1
V648,Tata Nexon EV,Electric SUV,North India,2024-11-20,245,1449964,355241180,2023-09-20,2024-08-12,260,15,Supplier G,869978,5,12,4.4
V649,Tata Tiago,Hatchback,West India,2024-05-20,109,670316,73064444,2023-06-25,2024-04-02,145,36,Supplier I,402189,6,18,5.0
V650,Tata Tiago,Hatchback,West India,2024-09-21,52,636071,33075692,2023-09-18,2024-09-10,176,124,Supplier B,381642,25,9,4.4
V651,Tata Nano,Hatchback,West India,2024-04-02,98,231738,22710324,2023-01-19,2024-01-20,164,66,Supplier F,139042,19,17,4.7
V652,Tata Nano,Hatchback,North India,2024-10-24,214,233306,49927484,2023-10-02,2024-07-19,565,351,Supplier D,139983,11,10,4.9
V653,Tata Altroz,Sedan,North India,2024-01-29,152,756228,114946656,2023-02-21,2023-11-02,167,15,Supplier E,453736,19,13,4.1
V654,Tata Hexa,SUV,South India,2024-07-26,142,2027227,287866234,2023-05-26,2024-06-23,440,298,Supplier C,1216336,11,13,4.1
V655,Tata Tiago,Hatchback,West India,2024-06-29,143,699633,100047519,2023-04-02,2024-03-26,568,425,Supplier B,419779,8,8,4.1
V656,Tata Altroz,Sedan,South India,2024-07-27,79,747821,59077859,2023-12-11,2024-07-21,165,86,Supplier J,448692,5,16,4.7
V657,Tata Nano,Hatchback,South India,2024-06-16,55,220035,12101925,2023-08-25,2024-04-15,504,449,Supplier H,132021,21,20,4.4
V658,Tata Harrier,SUV,South India,2024-02-15,126,1321308,166484808,2023-01-28,2024-01-10,225,99,Supplier B,792784,6,12,4.5
V659,Tata Hexa,SUV,North India,2023-11-24,98,2119413,207702474,2023-04-16,2023-11-16,464,366,Supplier B,1271647,18,10,4.4
V660,Tata Tiago,Hatchback,South India,2024-06-22,54,696411,37606194,2023-06-28,2024-06-09,264,210,Supplier I,417846,14,9,4.4
V661,Tata Harrier,SUV,West India,2024-11-01,406,1215291,493408146,2023-10-11,2024-08-12,407,1,Supplier B,729174,6,11,4.7
V662,Tata Nexon EV,Electric SUV,West India,2024-04-02,153,1323880,202553640,2023-04-19,2024-03-11,538,385,Supplier F,794328,20,18,4.7
V663,Tata Safari,SUV,West India,2024-02-13,101,1854616,187316216,2023-06-20,2024-01-30,211,110,Supplier B,1112769,19,17,4.4
V664,Tata Nexon,SUV,South India,2025-03-22,276,825840,227931840,2023-12-26,2024-12-27,452,176,Supplier F,495504,15,17,4.9
V665,Tata Tigor,Sedan,North India,2024-03-01,270,705457,190473390,2023-03-22,2024-02-14,319,49,Supplier J,423274,22,11,4.2
V666,Tata Nexon EV,Electric SUV,North India,2023-12-13,265,1373832,364065480,2023-02-25,2023-10-18,362,97,Supplier G,824299,15,13,4.7
V667,Tata Tiago,Hatchback,North India,2024-04-19,142,675545,95927390,2023-03-12,2024-01-26,255,113,Supplier B,405327,24,20,4.7
V668,Tata Safari,SUV,South India,2025-03-07,167,1936741,323435747,2023-12-15,2025-01-12,515,348,Supplier A,1162044,20,20,5.0
V669,Tata Tigor,Sedan,North India,2023-11-23,196,741847,145402012,2023-01-21,2023-10-10,265,69,Supplier E,445108,23,9,4.4
V670,Tata Safari,SUV,North India,2024-02-17,145,1903353,275986185,2023-01-03,2023-12-05,242,97,Supplier E,1142011,20,12,4.7
V671,Tata Tiago,Hatchback,West India,2024-05-22,156,641926,100140456,2023-02-24,2024-03-05,199,43,Supplier D,385155,5,13,4.7
V672,Tata Nexon EV,Electric SUV,West India,2024-02-15,70,1362108,95347560,2023-02-02,2023-12-01,416,346,Supplier G,817264,14,14,4.1
V673,Tata Punch,SUV,North India,2024-10-07,324,828156,268322544,2023-06-11,2024-07-08,597,273,Supplier H,496893,25,9,5.0
V674,Tata Tigor,Sedan,North India,2024-06-06,165,724302,119509830,2023-06-18,2024-03-27,187,22,Supplier I,434581,22,12,5.0
V675,Tata Harrier,SUV,West India,2024-04-13,78,1221216,95254848,2023-04-30,2024-02-27,489,411,Supplier F,732729,8,8,4.5
V676,Tata Nexon,SUV,South India,2024-06-15,245,837745,205247525,2023-04-27,2024-04-04,584,339,Supplier D,502647,15,16,4.9
V677,Tata Hexa,SUV,South India,2024-07-12,287,2109739,605495093,2023-11-14,2024-06-12,477,190,Supplier B,1265843,17,11,4.1
V678,Tata Safari,SUV,South India,2024-05-11,59,1802952,106374168,2023-05-30,2024-02-23,105,46,Supplier G,1081771,7,12,4.7
V679,Tata Altroz,Sedan,South India,2024-05-08,297,784276,232929972,2023-04-05,2024-03-25,357,60,Supplier A,470565,19,12,5.0
V680,Tata Nexon EV,Electric SUV,West India,2024-11-06,95,1351681,128409695,2023-11-30,2024-09-20,245,150,Supplier I,811008,7,14,5.0
V681,Tata Harrier,SUV,North India,2024-03-11,96,1388253,133272288,2023-01-25,2024-02-17,197,101,Supplier I,832951,15,11,4.4
V682,Tata Tigor,Sedan,West India,2025-03-08,101,718412,72559612,2023-12-20,2025-01-17,123,22,Supplier J,431047,25,12,4.4
V683,Tata Safari,SUV,North India,2024-03-31,78,1965997,153347766,2023-02-22,2024-01-10,549,471,Supplier J,1179598,13,20,4.1
V684,Tata Hexa,SUV,West India,2024-04-03,191,2071467,395650197,2023-07-08,2024-03-22,477,286,Supplier I,1242880,14,13,4.9
V685,Tata Nano,Hatchback,South India,2025-01-04,52,222272,11558144,2023-12-27,2024-11-17,585,533,Supplier J,133363,21,9,4.5
V686,Tata Hexa,SUV,West India,2024-09-19,93,2171489,201948477,2023-10-23,2024-09-03,142,49,Supplier F,1302893,5,18,4.9
V687,Tata Tiago,Hatchback,West India,2024-01-07,135,681756,92037060,2023-02-23,2023-11-22,372,237,Supplier H,409053,6,15,4.9
V688,Tata Tiago,Hatchback,South India,2024-10-31,140,688213,96349820,2023-07-29,2024-08-26,452,312,Supplier F,412927,12,10,4.4
V689,Tata Tiago,Hatchback,North India,2024-10-13,310,607924,188456440,2023-12-17,2024-09-22,381,71,Supplier H,364754,9,17,4.1
V690,Tata Hexa,SUV,North India,2024-08-03,52,2152421,111925892,2023-06-21,2024-06-06,162,110,Supplier B,1291452,11,9,4.9
V691,Tata Punch,SUV,South India,2024-06-24,259,838052,217055468,2023-08-28,2024-04-11,337,78,Supplier F,502831,21,15,4.4
V692,Tata Harrier,SUV,South India,2024-06-27,372,1276028,474682416,2023-05-25,2024-04-19,520,148,Supplier D,765616,10,9,4.7
V693,Tata Hexa,SUV,South India,2023-11-09,143,2008679,287241097,2023-03-11,2023-09-29,249,106,Supplier D,1205207,25,12,4.7
V694,Tata Harrier,SUV,South India,2024-04-26,493,1213575,598292475,2023-07-10,2024-03-03,541,48,Supplier I,728145,19,15,4.7
V695,Tata Tiago,Hatchback,West India,2024-01-21,133,617085,82072305,2023-05-28,2024-01-03,170,37,Supplier F,370251,6,13,4.4
V696,Tata Nexon EV,Electric SUV,South India,2025-01-12,336,1333972,448214592,2024-01-01,2024-12-14,471,135,Supplier E,800383,7,13,4.7
V697,Tata Nano,Hatchback,South India,2024-11-21,263,204653,53823739,2023-07-23,2024-08-25,522,259,Supplier H,122791,23,20,4.7
V698,Tata Nano,Hatchback,North India,2023-11-15,236,208915,49303940,2023-01-28,2023-10-31,284,48,Supplier D,125349,22,16,4.5
V699,Tata Tigor,Sedan,South India,2024-09-23,65,732015,47580975,2023-11-14,2024-07-28,176,111,Supplier G,439209,16,16,4.2
V700,Tata Nexon EV,Electric SUV,South India,2024-03-29,241,1498979,361253939,2023-04-12,2024-01-22,523,282,Supplier F,899387,9,19,4.4
V701,Tata Tigor,Sedan,North India,2024-09-05,240,719991,172797840,2023-08-01,2024-07-09,403,163,Supplier J,431994,13,9,5.0
V702,Tata Hexa,SUV,North India,2024-01-25,112,2197745,246147440,2023-02-15,2024-01-20,450,338,Supplier I,1318647,5,16,4.5
V703,Tata Tiago,Hatchback,West India,2024-11-02,103,671335,69147505,2023-12-06,2024-09-14,280,177,Supplier A,402801,12,13,4.5
V704,Tata Nano,Hatchback,West India,2024-01-17,100,203186,20318600,2023-01-24,2023-11-18,138,38,Supplier G,121911,22,14,4.9
V705,Tata Tigor,Sedan,West India,2024-09-18,206,738724,152177144,2023-07-23,2024-07-23,291,85,Supplier F,443234,13,8,4.1
V706,Tata Altroz,Sedan,West India,2024-06-28,119,773396,92034124,2023-10-10,2024-06-08,218,99,Supplier G,464037,24,11,4.2
V707,Tata Harrier,SUV,South India,2024-04-21,348,1268407,441405636,2023-03-31,2024-03-11,352,4,Supplier B,761044,11,9,4.1
V708,Tata Hexa,SUV,West India,2024-01-13,165,2135175,352303875,2023-03-16,2023-12-31,432,267,Supplier I,1281105,16,20,4.4
V709,Tata Nano,Hatchback,North India,2024-07-03,232,206938,48009616,2023-09-11,2024-04-19,325,93,Supplier C,124162,21,11,4.2
V710,Tata Nexon EV,Electric SUV,South India,2024-03-17,78,1384529,107993262,2023-03-27,2024-02-07,592,514,Supplier F,830717,10,13,4.4
V711,Tata Altroz,Sedan,South India,2024-01-03,399,730309,291393291,2023-05-06,2023-12-09,476,77,Supplier F,438185,22,20,4.7
V712,Tata Safari,SUV,West India,2024-11-17,309,1951144,602903496,2023-10-31,2024-09-08,530,221,Supplier G,1170686,15,18,4.2
V713,Tata Altroz,Sedan,West India,2024-06-25,123,731945,90029235,2023-02-13,2024-03-17,411,288,Supplier F,439167,21,17,4.4
V714,Tata Altroz,Sedan,West India,2024-08-26,224,729732,163459968,2023-06-17,2024-06-12,549,325,Supplier H,437839,19,20,4.5
V715,Tata Harrier,SUV,West India,2024-06-24,113,1257830,142134790,2023-05-14,2024-03-19,459,346,Supplier E,754698,6,13,4.2
V716,Tata Nano,Hatchback,North India,2024-10-10,379,229536,86994144,2023-12-01,2024-09-26,518,139,Supplier F,137721,11,19,4.7
V717,Tata Nexon EV,Electric SUV,South India,2024-04-25,81,1444864,117033984,2023-02-19,2024-02-18,204,123,Supplier G,866918,13,11,4.1
V718,Tata Hexa,SUV,North India,2024-05-03,64,2000037,128002368,2023-05-15,2024-04-26,322,258,Supplier G,1200022,14,9,4.7
V719,Tata Nexon EV,Electric SUV,South India,2024-01-28,114,1442102,164399628,2023-01-15,2023-11-08,142,28,Supplier D,865261,10,19,4.5
V720,Tata Punch,SUV,North India,2024-06-23,137,849275,116350675,2023-07-04,2024-05-23,572,435,Supplier E,509565,17,11,4.7
V721,Tata Altroz,Sedan,North India,2024-10-09,102,778907,79448514,2023-08-08,2024-09-09,344,242,Supplier B,467344,25,14,4.4
V722,Tata Hexa,SUV,South India,2024-04-26,52,2140283,111294716,2023-01-05,2024-01-24,140,88,Supplier H,1284169,10,12,4.4
V723,Tata Hexa,SUV,South India,2024-07-25,412,2067715,851898580,2023-09-22,2024-06-09,546,134,Supplier J,1240629,21,8,4.1
V724,Tata Nexon EV,Electric SUV,North India,2024-01-18,207,1465487,303355809,2023-03-21,2023-11-19,259,52,Supplier E,879292,9,16,4.1
V725,Tata Nexon EV,Electric SUV,West India,2024-01-31,51,1410532,71937132,2023-01-25,2023-11-13,343,292,Supplier D,846319,7,13,4.1
V726,Tata Safari,SUV,North India,2024-05-08,219,1867594,409003086,2023-06-25,2024-02-28,329,110,Supplier D,1120556,11,9,4.4
V727,Tata Nexon,SUV,South India,2024-09-12,200,796306,159261200,2023-12-10,2024-08-28,350,150,Supplier B,477783,20,16,4.5
V728,Tata Nano,Hatchback,North India,2024-06-22,371,234376,86953496,2023-08-17,2024-06-14,529,158,Supplier J,140625,12,9,4.5
V729,Tata Harrier,SUV,West India,2024-04-15,103,1258569,129632607,2023-06-03,2024-02-19,169,66,Supplier F,755141,22,14,4.9
V730,Tata Hexa,SUV,North India,2024-03-09,60,2046179,122770740,2023-03-20,2024-01-31,183,123,Supplier J,1227707,17,17,4.1
V731,Tata Tiago,Hatchback,West India,2024-04-07,362,694451,251391262,2023-02-07,2024-03-02,425,63,Supplier F,416670,13,9,4.1
V732,Tata Altroz,Sedan,South India,2024-07-06,199,779921,155204279,2023-07-08,2024-04-22,264,65,Supplier A,467952,13,13,4.7
V733,Tata Altroz,Sedan,West India,2024-05-29,84,792578,66576552,2023-05-03,2024-05-03,160,76,Supplier C,475546,6,9,4.1
V734,Tata Nexon,SUV,North India,2024-04-26,283,827554,234197782,2023-03-21,2024-03-20,357,74,Supplier F,496532,5,17,4.1
V735,Tata Nexon,SUV,North India,2024-03-20,357,795699,284064543,2023-05-26,2024-01-13,457,100,Supplier E,477419,9,13,4.7
V736,Tata Harrier,SUV,South India,2024-04-17,231,1360404,314253324,2023-07-10,2024-03-24,508,277,Supplier I,816242,18,19,4.4
V737,Tata Harrier,SUV,North India,2024-07-03,73,1392743,101670239,2023-09-09,2024-04-28,169,96,Supplier C,835645,6,10,4.9
V738,Tata Altroz,Sedan,North India,2024-11-01,362,723263,261821206,2023-11-23,2024-10-14,495,133,Supplier A,433957,23,20,4.7
V739,Tata Tigor,Sedan,West India,2024-02-22,403,717422,289121066,2023-01-26,2023-11-22,435,32,Supplier H,430453,5,18,4.9
V740,Tata Tigor,Sedan,North India,2024-05-29,411,705510,289964610,2023-09-06,2024-03-25,440,29,Supplier G,423306,20,10,4.7
V741,Tata Altroz,Sedan,West India,2024-07-19,165,713767,117771555,2023-08-28,2024-06-10,290,125,Supplier G,428260,6,8,4.7
V742,Tata Nexon EV,Electric SUV,West India,2024-04-14,203,1312057,266347571,2023-02-07,2024-01-20,351,148,Supplier H,787234,14,9,4.4
V743,Tata Harrier,SUV,North India,2025-01-04,148,1260126,186498648,2023-11-17,2024-11-12,353,205,Supplier A,756075,10,13,4.1
V744,Tata Tiago,Hatchback,North India,2024-09-01,402,624467,251035734,2023-07-20,2024-06-16,533,131,Supplier J,374680,14,11,4.5
V745,Tata Nano,Hatchback,West India,2023-11-17,65,215678,14019070,2023-01-09,2023-09-16,566,501,Supplier J,129406,22,17,4.4
V746,Tata Nexon,SUV,North India,2024-05-27,349,863566,301384534,2023-05-09,2024-04-16,420,71,Supplier A,518139,19,20,4.1
V747,Tata Nexon EV,Electric SUV,West India,2024-04-12,94,1407429,132298326,2023-02-18,2024-01-07,143,49,Supplier J,844457,21,14,4.1
V748,Tata Punch,SUV,South India,2024-07-26,203,828416,168168448,2023-09-15,2024-07-08,402,199,Supplier H,497049,13,18,4.1
V749,Tata Safari,SUV,South India,2024-05-31,115,1975136,227140640,2023-03-25,2024-04-18,281,166,Supplier C,1185081,5,11,4.1
V750,Tata Harrier,SUV,West India,2023-12-02,92,1228338,113007096,2023-04-13,2023-11-24,142,50,Supplier H,737002,7,9,4.9
V751,Tata Altroz,Sedan,West India,2025-02-12,382,770185,294210670,2023-12-25,2024-11-11,435,53,Supplier D,462111,19,15,4.2
V752,Tata Hexa,SUV,North India,2024-06-15,53,2118931,112303343,2023-07-20,2024-04-14,125,72,Supplier B,1271358,11,12,4.1
V753,Tata Harrier,SUV,West India,2024-04-21,353,1203174,424720422,2023-08-18,2024-03-11,374,21,Supplier B,721904,11,17,4.1
V754,Tata Nano,Hatchback,North India,2024-09-03,87,218947,19048389,2023-10-29,2024-06-09,181,94,Supplier E,131368,13,8,4.1
V755,Tata Altroz,Sedan,North India,2024-01-31,76,720620,54767120,2023-04-05,2023-12-21,493,417,Supplier H,432372,13,17,4.2
V756,Tata Punch,SUV,West India,2023-11-30,498,816988,406860024,2023-02-10,2023-10-07,563,65,Supplier H,490192,7,14,4.9
V757,Tata Hexa,SUV,South India,2024-05-08,172,2125288,365549536,2023-02-16,2024-03-17,242,70,Supplier F,1275172,17,18,4.7
V758,Tata Tigor,Sedan,North India,2024-01-26,264,704911,186096504,2023-04-21,2023-12-26,339,75,Supplier E,422946,20,18,4.7
V759,Tata Nano,Hatchback,North India,2024-06-21,272,200499,54535728,2023-08-05,2024-05-28,315,43,Supplier I,120299,13,12,4.7
V760,Tata Nexon,SUV,North India,2024-01-16,116,836104,96988064,2023-02-28,2023-12-12,181,65,Supplier J,501662,16,19,4.5
V761,Tata Tiago,Hatchback,West India,2024-12-28,129,694929,89645841,2023-09-01,2024-10-04,196,67,Supplier I,416957,21,20,5.0
V762,Tata Altroz,Sedan,North India,2024-02-17,211,719780,151873580,2023-01-24,2023-11-21,445,234,Supplier J,431868,21,18,4.7
V763,Tata Altroz,Sedan,South India,2024-11-01,131,773000,101263000,2023-08-12,2024-08-11,462,331,Supplier J,463800,11,18,4.4
V764,Tata Nexon EV,Electric SUV,West India,2024-10-04,152,1358397,206476344,2023-07-16,2024-08-17,214,62,Supplier H,815038,8,11,4.2
V765,Tata Tigor,Sedan,South India,2024-03-21,353,701631,247675743,2023-05-08,2024-01-07,414,61,Supplier C,420978,16,14,4.4
V766,Tata Nexon EV,Electric SUV,West India,2024-03-07,243,1373077,333657711,2023-07-29,2024-02-14,506,263,Supplier H,823846,25,8,4.7
V767,Tata Tigor,Sedan,South India,2024-01-24,227,738842,167717134,2023-02-28,2023-10-25,496,269,Supplier C,443305,14,10,4.9
V768,Tata Nano,Hatchback,West India,2024-04-11,110,231526,25467860,2023-03-24,2024-03-04,215,105,Supplier I,138915,25,10,4.9
V769,Tata Safari,SUV,West India,2024-02-18,323,1904030,615001690,2023-03-29,2024-01-31,426,103,Supplier H,1142418,15,8,4.7
V770,Tata Nexon,SUV,West India,2024-10-09,139,899717,125060663,2023-12-06,2024-07-05,219,80,Supplier F,539830,14,9,4.7
V771,Tata Tigor,Sedan,North India,2024-09-14,372,724696,269586912,2023-09-05,2024-06-12,497,125,Supplier G,434817,6,8,4.4
V772,Tata Harrier,SUV,North India,2024-05-23,154,1294314,199324356,2023-07-16,2024-02-23,286,132,Supplier F,776588,7,15,4.4
V773,Tata Nexon,SUV,West India,2024-11-05,120,897832,107739840,2023-12-19,2024-09-03,130,10,Supplier D,538699,12,20,4.7
V774,Tata Altroz,Sedan,West India,2024-11-24,471,735249,346302279,2023-10-14,2024-09-16,478,7,Supplier C,441149,13,20,4.1
V775,Tata Altroz,Sedan,North India,2024-06-01,57,709594,40446858,2023-09-09,2024-04-17,221,164,Supplier D,425756,9,13,4.1
V776,Tata Harrier,SUV,North India,2023-12-10,132,1353440,178654080,2023-01-10,2023-11-09,422,290,Supplier B,812064,22,9,4.7
V777,Tata Safari,SUV,West India,2024-10-21,225,1881123,423252675,2023-12-04,2024-09-01,330,105,Supplier J,1128673,7,14,5.0
V778,Tata Punch,SUV,South India,2024-07-19,201,815104,163835904,2023-04-28,2024-04-26,336,135,Supplier J,489062,20,11,4.1
V779,Tata Hexa,SUV,North India,2024-07-18,481,2012712,968114472,2023-09-29,2024-07-08,549,68,Supplier H,1207627,24,12,4.1
V780,Tata Nexon EV,Electric SUV,South India,2024-06-19,366,1393804,510132264,2023-08-24,2024-05-20,530,164,Supplier F,836282,16,20,4.4
V781,Tata Safari,SUV,West India,2024-10-05,176,1860961,327529136,2023-10-24,2024-07-10,226,50,Supplier A,1116576,20,19,4.2
V782,Tata Nexon EV,Electric SUV,West India,2024-01-08,457,1301330,594707810,2023-03-18,2023-10-20,483,26,Supplier C,780798,17,10,4.7
V783,Tata Tigor,Sedan,South India,2024-06-17,255,740329,188783895,2023-07-18,2024-05-31,351,96,Supplier I,444197,13,19,4.2
V784,Tata Harrier,SUV,South India,2024-09-14,178,1305781,232429018,2023-12-28,2024-08-25,260,82,Supplier C,783468,7,16,4.7
V785,Tata Punch,SUV,North India,2024-07-19,101,768556,77624156,2023-05-25,2024-05-19,491,390,Supplier I,461133,15,14,4.7
V786,Tata Hexa,SUV,South India,2025-01-15,56,2023482,113314992,2023-11-24,2024-12-11,152,96,Supplier A,1214089,8,10,4.2
V787,Tata Hexa,SUV,South India,2024-03-24,473,2139417,1011944241,2023-02-03,2023-12-16,600,127,Supplier I,1283650,23,11,5.0
V788,Tata Nano,Hatchback,South India,2024-05-15,217,224446,48704782,2023-08-07,2024-04-29,220,3,Supplier I,134667,22,9,5.0
V789,Tata Safari,SUV,South India,2024-08-28,313,1894643,593023259,2023-07-25,2024-06-12,364,51,Supplier A,1136785,8,13,4.7
V790,Tata Nexon EV,Electric SUV,North India,2024-01-18,90,1450132,130511880,2023-03-12,2023-11-17,215,125,Supplier F,870079,25,16,4.4
V791,Tata Altroz,Sedan,South India,2024-08-01,278,772339,214710242,2023-11-22,2024-06-26,425,147,Supplier H,463403,23,14,4.7
V792,Tata Harrier,SUV,North India,2024-11-03,284,1362728,387014752,2023-11-17,2024-08-12,502,218,Supplier C,817636,19,14,4.2
V793,Tata Nexon EV,Electric SUV,North India,2024-09-21,477,1430680,682434360,2023-09-07,2024-09-13,559,82,Supplier A,858408,21,15,4.4
V794,Tata Altroz,Sedan,West India,2025-02-09,221,727947,160876287,2023-12-29,2024-12-02,297,76,Supplier D,436768,22,10,4.7
V795,Tata Tigor,Sedan,West India,2024-12-19,384,716020,274951680,2023-11-08,2024-09-26,497,113,Supplier G,429612,23,20,4.1
V796,Tata Nexon EV,Electric SUV,North India,2024-09-25,238,1360428,323781864,2023-06-03,2024-06-20,567,329,Supplier C,816256,16,11,4.7
V797,Tata Tiago,Hatchback,South India,2023-09-25,130,664424,86375120,2023-02-18,2023-09-08,278,148,Supplier G,398654,6,11,4.9
V798,Tata Safari,SUV,North India,2024-04-26,160,1825681,292108960,2023-04-22,2024-03-27,367,207,Supplier I,1095408,11,12,4.7
V799,Tata Punch,SUV,West India,2024-07-14,108,820032,88563456,2023-09-29,2024-05-01,128,20,Supplier B,492019,17,14,4.9
V800,Tata Nexon,SUV,North India,2024-10-31,208,879080,182848640,2023-10-18,2024-09-15,452,244,Supplier C,527448,25,13,4.7
